Abbotsford+International+Airport,Abbotsford+International+Airport,Canada	56/Q1cpb.OYA5mxtSeFYw
Abidjan,Lagunes,Ivory+Coast	30/82RKY9KYAp_RrKr0
Abiego,Aragon,Spain	3/twZ.AnqeBJ1lQ8s
Abomey-Calavi,Atlantique,Benin	13/4P3he2.YA5q80BP2
Abrera,Catalonia,Spain	18/MeSC5VeeBJ3RMcs
Achada+Do+Cedro+Gordo,Madeira,Portugal	1/cViflcecBJRTLIp.yA
Achagate,Scotland,United+Kingdom	9/1OxC8xeYAZ9Qww
Adrigole,Adrigole,Ireland	4/cagOhDObAZyZExmsAg
Afantou,Afantou,Greece	2/MVqqZJabBZnlPFyBKw
Agrafa,Agrafa,Greece	72/jwfi.LubBZntn5gbpQ
Agullent,Valencia,Spain	119/ZUk1eFqeBJ1sqwQ
Akarattya,Veszprém,Hungary	4/tYGN5wmRAZ_AxQw
Al+Haniyah,Al+Jabal+al+Akhdar,Libya	1/nOB453.YApmhskDv
Al+Moecs,Brasov,Romania	1/g5wcbAiRBpoeQWA
Alavés,Aragon,Spain	1/QcC.1.ibAZ7bLlXV3Q
Albert+Bridge,Nova+Scotia,Canada	11/l0ouWb.bAp_7O.Lvow
Alberta,Michigan,United+States	2/RC1F3FibApmBeOX5
Albigny,Rhone-Alpes,France	46/ltgv4r6cBpm4wBc HMuQe8abCJ_LHXeHGA
Alesón,Alesón,Spain	1/RWLiNkaYA5rrw_a7gg
Alsium,Lazio,Italy	11/e5q5Ih.eAJUA7Ww
Altamura,Puglia,Italy	9/qxVka.meAJzJXCo
Alvaschein,Canton+of+Graubunden,Switzerland	1/1KN_Be2eCZ1un1Q
Alviano+Scalo,Umbria,Italy	1/sCzGyIubCJ8cfwbICQ
Amagasaki-shi,Hyogo+Prefecture,Japan	13/D0RC.SSYAJy_MMok
Amberley,Canterbury,New+Zealand	1/s6FhmYObApipWtgk
Amersfoort,UT,Netherlands	83/HHV9Wa2eAp11zRA mjKJq9eeAp_Cte4 X7dOXYeeAp.16IM CvJEK9SeA5uoKQM
Amlwch,Wales,United+Kingdom	1/xSnlSHGYAZtb.A
Ampt+Hill,Virginia,United+States	2/XZWg9OGbApkZtlgV
Améscoa+Baja,Améscoa+Baja,Spain	10/Y36gTXqYA5osMe_Xig
Anatoli,Anatoli,Greece	1/qFMp0IibBZlrCyQVyg
Anderen,Drenthe,Netherlands	6/DyBytTeeA5tcTo0
Annacloy,Northern+Ireland,United+Kingdom	1/8HUH36edBZj5bQ
Annaghdown,Galway,Ireland	1/fSAsjg2cBJVmnLc
Antuco,Antuco,Chile	1/QbLVL3KbB5uM.nvEvg
Anţilyās,Jabal+Lubnan,Lebanon	3/pTBUwqyYCJmEgMcT
Apollo+Bay,Victoria,Australia	62/TGaZEAeYAZX_O6In
Aptos,California,United+States	39/ZqeDHxebApmMBkrq
Arafat,Makka,Saudi+Arabia	3/_w.7n7WYCJ93UAXG
Arambol,Goa,India	81/oN7aRVabA5sTnIXu
Arcole,Arcole,Italy	1/btnmNYeYA5pBL3DZ1Q
Arette+la+Pierre+Saint-martin,Aquitaine,France	1/dF_s1D2bCJ9gJk.jxQ
Aretxabaleta,Basque+Country,Spain	2/OatW_wyeBJ4J5NQ
Arginone,Emilia+Romagna,Italy	8/52Dr7JybCJ9Is8VyNg
Arkos,Covasna,Romania	1/sJRWwCiRB5o0c4c
Arrowsic,Maine,United+States	6/gOcaMf.bApnFBpm7
Arroyo+Grande,CA,United+States	2/WO6U.9KbBZrGGsLW
Ashford+in+the+Water,England,United+Kingdom	8/y7KieNyYAJ0bpw
Asiago,Asiago,Italy	7/7wgI2fSYA5ricIOMBw
Attica,Ohio,United+States	3/tQAibtGbApmj3ncf
Attical,Northern+Ireland,United+Kingdom	1/W4ZFBZabCZQReAYdtg
Attleboro,Massachusetts,United+States	20/e82lUs2bApl.ClNm
Atxondo,Basque+Country,Spain	15/6TMyT7ybAZ5e.XilcQ OFUuhPmbCJ9f6K6E.w
Aureilhan,Aureilhan,France	3/xiq5cImYA5qJnVHV1g
Auriac-du-Périgord,Auriac-du-Périgord,France	2/MMDgxX2bAZ0lOeSc4g bV8GRYmYA5p1AGPAvw
Ausserholligen,Canton+of+Valais,Switzerland	1/H4H7ye2eCZ3rHIA
Avajan,Midi-Pyrenees,France	1/kyZUTyWcBpuNja8
Avon+Lake,Ohio,United+States	1/wcP4BcmbApkWfvEc
Awjilah,Ajdabiya,Libya	2/xJk6qHuYApk215x6
Ayacucho,Ayacucho,Peru	1/pu_L29CdAJSbZlk
Aztec,New+Mexico,United+States	27/Oq_wXrGbAplnl7mG
Azzate,Azzate,Italy	4/MmPS0BGYA5rHu4aiNA
Bacalar,Quintana+Roo,Mexico	4/rGOgL06YAJ44P6k
Bach,Bach,France	2/Qw1DmG6YA5pyLS1uMg
Bachs,Canton+of+Zurich,Switzerland	1/yaudYkueCZ28IcU
Bacup,England,United+Kingdom	20/GEoKqLyYAJmCwQ
Bad+Krozingen,Baden-Wurttemberg,Germany	5/4TDXJmufAprY4ik
Bad+Schandau,Saxony,Germany	2/3Sz9RBafAprSG6Y
Bagarmossen,Stockholm,Sweden	71/4iCzV3ybAZ07bXmAYw
Bagni+di+S.+Giuliano,Tuscany,Italy	1/UlVjQf.eA57GqRI
Baildon+No+131,Saskatchewan,Canada	4/6CAIwlebCJ.He8GC1g
Baillieston,Scotland,United+Kingdom	2/JsPYvS2dAprdmA
Ban+Muang+Kae,Surin,Thailand	1/.0LEQH6YA53H07zm
Bandujo,Asturias,Spain	32/G.eufHWbAZ5bpy8jTA
Bangor,Tasmania,Australia	6/WHS2yryYAZUhgt9I
Bangs,Texas,United+States	100/f.BgfoGbApmmZoTs
Bani,Seno,Burkina+Faso	7/tW9P3yyYBZkTatkJ
Banning,California,United+States	11/SbwQpyCbApmPhjO_
Barnby,England,United+Kingdom	1/RxDy47qYAJQC.g
Bassenthwaite+Lake,England,United+Kingdom	2/JT0Xdx.YA5wFXg
Bathurst,NSW,Australia	102/Wr4wSF6bCZlZpA3JCw jtLYaeybCZmNoHOkBA
Baux-de-provence,Baux-de-provence,France	11/DfCIjC2YA5ptzosoqg
Beals,Maine,United+States	11/XacTGWObAprHuRq0
Beaminster,England,United+Kingdom	2/9R4OAWWYA525pA
Beamsley,England,United+Kingdom	1/C8Q5pH.YA53VkQ
Bear+Creek,Alaska,United+States	81/10dnn1SbApjXiVBjJw
Bearsden,Scotland,United+Kingdom	15/NMVMvuSdAprs.w
Beaumont,Picardie,France	2/rqARm9ycBpSBxZI
Beaver+Creek,Wyoming,United+States	13/hZ7Lc.2bApoEAIES
Bebele,Bavaria,Germany	3/LjMguh.fApuULz0
Belakangpadang,Kepulauan+Riau,Indonesia	1/SDNCqFuYAZ_h7ClJ
Beliş,Cluj,Romania	333/M4XAyY2RB5t29UM
Bellegra,Bellegra,Italy	20/GIjZ15aYA5r8bY6Hsw
Bellevue,Washington,United+States	1627/x_XGcNmbApqDBNIe
Benwerrin,Victoria,Australia	7/aYtBwVCbCZkWOSwANw
Berga,Catalonia,Spain	1/XG_p1sOeBJhFRMY
Bergharen,Gelderland,Netherlands	1/T3C7YiCeA5tzgZc
Berghe+Inférieur,Provence-Alpes-Cote+d'Azur,France	1/2Vcjbe2bAZ65V6FqlA
Berlin-Tegel+International+Airport,Berlin-Tegel+International+Airport,Germany	47/9xlJ2hCbA51zQccZew
Bernard,ME,United+States	4/sztJtvKbApn3dT3L
Berwyn,Wales,United+Kingdom	11/1B6cJneYA5gaPg
Betaghstown,Meath,Ireland	2/xaGqGmScBJWLD4Y
Betchworth,England,United+Kingdom	1/PmfXIYaYA5g.Bw
Bever,Vlaams+Brabant,Belgium	2/yNBxqNqYBJwEEMvUdw
Bełchatów,Lodz,Poland	98/QPY9VnmdCZlvyHA
Bielsa,Aragon,Spain	1/WiS0yoeeBJhnWzM
Big+Ridge,Nova+Scotia,Canada	3/w8Rj91SbAp.JL3HhGQ
Billerica,MA,United+States	3/.HKOXiabBZQw_Ps9
Billund+Airport,Billund+Airport,Denmark	1/tIEBczyYA5mUj.W2lg
Bingham+Canyon,Utah,United+States	7/QZvUYxabApnUn_YlFw
Birmingham+International+Airport,Birmingham+International+Airport,United+Kingdom	1005/RGwR2pGbA5jmPaML4g
Birmingham,Michigan,United+States	237/Ew41jpCbAprjCWIc
Birstono+Seniunija,Birstono+Seniunija,Lithuania	2/DnrfiVecB5xV7orUqA
Bishop's+Tawton,England,United+Kingdom	2/bGczOVSYA5vGHA
Bishop+Hill,Illinois,United+States	4/9b5M31abAprFEncl
Bithia,Sardinia,Italy	21/ZrcINQmeAJ_gIR4
Blackwaterfoot,Scotland,United+Kingdom	6/Q4vt.Z6YA5UHUw
Blagnac,Midi-Pyrenees,France	6/uJ_dXKmcCZytYVg
Blair,Utah,United+States	19/EIEvk3ybApo5eOWF
Blažejov,Jihočeský,Czech+Republic	1/89rvGCaeCZpffLA
Bloomfield,NY,United+States	1/TFRX0g2bBZV.lvTb
Bluff+City,TN,United+States	23/Ov7xACGbCZt7uiLhYA DJ6Yk8abBZgvMsnz
Boadilla+del+Monte,Boadilla+del+Monte,Spain	1/GaIso5WYA5pUo.LYPA
Boardman,Ohio,United+States	10/ECZDjYWbAppmM9Fw
Bonita+Beach,Florida,United+States	279/2a.5IUebAppLpgek
Boone,Iowa,United+States	8/RC7KulybAprLsYua
Bortfeld,Lower+Saxony,Germany	1/ehHf23yfBZwYE3Y
Borth,Wales,United+Kingdom	19/x3ISmJWYAp68LA
Botzen,Trentino-Alto+Adige,Italy	111/NMrL22meAJ1xBGs
Bourg-St.-Maurice,Bourg-St.-Maurice,France	237/xwFs4pOYA5p4n7Etew
Bourg-la-Reine,Bourg-la-Reine,France	3/NSfL7suYA5r_aBijXA
Bovolone,Veneto,Italy	85/2ducioaeAJ2Z4t8
Branchview,Queensland,Australia	3/Is.aLxybCZm3Mp3bJA
Brazomar,Cantabria,Spain	1/3mqV0e6eBJgG05s
Breezy+Point,NY,United+States	1/G3Q38imcBJWO6QEUOA
Bremsdorf,Brandenburg,Germany	1/0naoWHyfBZ3th9M
Brenneckenbrück,Lower+Saxony,Germany	20/GdSdt42bAZ3g8sDj3A
Brentwood+Borough,Brentwood+Borough,United+Kingdom	3/D5EQmm6YA5okGreaOQ
Brentwood,California,United+States	29/32dLH6KbApqLxwKb
Bridges,Mississippi,United+States	4/bJIsWFWbAprFw5cX
Brightseat,Maryland,United+States	6/FkrbuOubAprAhakV
Brockton,England,United+Kingdom	3/iM9bnrCYBZwZ5w
Broek+in+Waterland,North+Holland,Netherlands	4/.yqvuLieA5Qi1bo
Bromsgrove+District,Bromsgrove+District,United+Kingdom	63/Zl4SyF6YA5royACrvw
Bronte,Bronte,Italy	8/lJn.wcSYA5rMLEImKw
Brookline,New+Hampshire,United+States	2/XGaqlI2bApoajp9r
Brookston,Indiana,United+States	11/5b4qJ0.bApt0WOEY
Brookvale,Colorado,United+States	1/x_rHlf.bAptCePkV
Brookville,Indiana,United+States	30/LHQWsQWbApu0u0N8
Brora,Scotland,United+Kingdom	2/On8tw3uYBZ4zHQ
Brownlee,Saskatchewan,Canada	5/JWOLbX.bAphAtN.GZQ
Brusje,Splitsko-Dalmatinska,Croatia	2/TKJyg.eRBZvWYg4
Brynteg,Wales,United+Kingdom	496/FUMhpo.YBZ_LIA
Buccinasco,Lombardy,Italy	2/2ByU.iqbAZ3x2GmtLQ
Bucharest,Bucuresti,Romania	17457/B8ZVDrCRBpy.6Gk gobyl7iRB5tU_5Y TvJcjHiRBpmpCrI 4_mNBfqRB5QoNJg W._0mCmRB5WSxdU xG2fPIiRCZ8kUGw YSFL6KmRBp2QKCk 2HwzcFCbA5vNSqh62A uf9eIA2RCZ8VXOc PPsCMVORBp5nB6g hiHAPnaRBp5amKA 90L_czyRBpyL1d8 A3xN64.RBp5JD0k q6_m7bCRBp8N2zw
Buckfast,England,United+Kingdom	20/O9jTZymYBZ.ovA
Bucklesham,England,United+Kingdom	40/6VEZWkOYBZj3BQ
Buenavista+del+Norte,Buenavista+del+Norte,Spain	8/BLlFKDuYA5p2NEfTgA
Bulen,Luxemburg,Belgium	258/90Oi1zOQB5vDYZ0
Bumble+Bee,Arizona,United+States	434/2aQ0UEmbApujnkUU
Buoux,Provence-Alpes-Cote+d'Azur,France	3/4viRMrOcCZ7NxKY
Burkheim,Baden-Wurttemberg,Germany	15/Bp66QfKfBZ5jzS0
Burlington,Wisconsin,United+States	3/d20UuYGbApsVgIDw
Burnaby,British+Columbia,Canada	201/imggp3uQCZxT
Burnet,Texas,United+States	12/8ur9qZ6bApsKzKuy
Burrard+Inlet+Indian+Reserve+3,British+Columbia,Canada	12/a5lOO1ubCJ.3.8oTNw
Cabrières,Auvergne,France	1/hBmiuMKbAZ7O0MLzDw
Cabrières-d'Avignon,Cabrières-d'Avignon,France	1/zOWR5I.bA5uiZuplgg
Caleta+del+Sebo,Canary+Islands,Spain	165/xM.cMWeeBJmQdgk
Camden+East,Ontario,Canada	1/l9Gkcq2bAp.XhkMJCA
Camden,Mississippi,United+States	4/wmJ2jfObApsZJVUW
Camerino,Marche,Italy	21/uopNOMaeAJ0xwFg
Camperdown,Victoria,Australia	1/n4SBD1eYAJwnfcsy
Campiglia,Piedmont,Italy	3/AgfWuByeAJ04y7s
Campo+de+Besteiros,Viseu,Portugal	1/WjCR4aSeApR_k2A
Campo+de+Marte+Airport,Campo+de+Marte+Airport,Brazil	3/Ot791j6YA5khNnyioQ
Can+Singala,Balearic+Islands,Spain	14/emB4dzCbAZ6uY_6msw
Candes-St.-Martin,Candes-St.-Martin,France	1/4GLoAj2YA5qo6eEMbQ
Capena,Capena,Italy	11/sLP7UmmYA5rn9YcmyQ
Capitol+Heights,Maryland,United+States	66/7XXiHyybApuwODGM
Capo+di+Posillipo,Campania,Italy	12/4Mv9UymbAZ0T.rjzVg
Caranduba,Para,Brazil	1/.Jao616dA5QPC6w
Carboneras,Andalusia,Spain	8/mKv.nNqeBJriymA
Carmel-by-the-Sea,California,United+States	606/IdEGq1CbApvTKcEg
Carpineta,Tuscany,Italy	1/RpJJwWubAZ0PBlDKYQ
Cartersville,Georgia,United+States	14/G0zKMG.bApubAsH2
Casacalenda,Molise,Italy	18/Yjknm_GeAJ7FcDM
Casal+Qala,Gozo,Malta	13/8mbJmh6dCZ_p.eA
Casalbordino,Casalbordino,Italy	4/UPqqD2iYA5r93idO8A
Cassibile,Sicily,Italy	485/d0IvN9.eAJ875t4
Cassina+Valsassina,Cassina+Valsassina,Italy	1/ZTYUvVSbAZw01zY8AA
Casteil,Casteil,France	3/R0C9BDKYA5rKKi1ktw
Castle+Rising,England,United+Kingdom	4/HDmtaneYBJ8Z4A
Catalina,Arizona,United+States	4/JNkAiwubApu16Aw8
Caudete+de+Las+Fuentes,Valencia,Spain	2/lNZgLpmeBJtQgW4
Cayeux-sur-Mer,Cayeux-sur-Mer,France	1/6F9rIyCYA5pFq0BAtQ
Cecina,Tuscany,Italy	141/fkm8LaqeAJ_BoSU
Cedar+Creek,Texas,United+States	79/kzA_5_qbApsMtGkL
Cedar+Hill,New+Mexico,United+States	1/___8ezSbAptDM0ae
Cedar,Michigan,United+States	6/aVmZrzabAptL9gpY
Celada-Marsantes,Cantabria,Spain	1/rhygU_GeBJuGncY
Cembra,Trentino-Alto+Adige,Italy	1/ro1c60KeAJ_OvXU
Cerreto+Inferiore,Lombardy,Italy	1/HWsluvObCJ_5Yl88KQ
Cervidone,Marche,Italy	1/GNv64lueAJ_XHG8
Ceva,Piedmont,Italy	451/em1uF12eAJ9Qn08
Champorcher,Champorcher,Italy	3/fU8e7NiYA5o2cUCoig
Charches,Andalusia,Spain	1/0amQlVieBJsi6nw
Chartali,Dushet´is+Raioni,Georgia	2/JDEW2K.YCJpmSARC
Checacupe,Cusco,Peru	1/FWZXjlydAJSelz8
Cheneil,Valle+d'Aosta,Italy	2/EViyolObAZ0WeJlE7Q
Chiclana+de+la+Frontera,Chiclana+de+la+Frontera,Spain	1/M13PERKbAZ6RB6dvFA
Chipping+Norton,England,United+Kingdom	10/eaHQCQCYBJV4cA
Chiusi+della+Verna,Chiusi+della+Verna,Italy	4/5xf_u7yYA5oCwo.1DQ
Chora+Sfakion,Kriti,Greece	3/VZN79RKQB5rjeb4
Christiansburg,VA,United+States	8/xqTiTfSbBJ5W1UUl NNVcsEubBZw9Rf0j IUpK1q6bApW4seO3 qxH1pk6bBZ3m_B0O 6t.h8cSbApn0stuf
Châteaudun,Centre,France	2/MZQqTJmcCZgaY4A
Chézery-Forens,Rhone-Alpes,France	21/6EOVid.cCZniwpM
Cinderford,England,United+Kingdom	2/5UYppzuYB51IMA
Ciputat,Banten,Indonesia	2/ff46hT2YAZ9fLaTV
Cittadella,Cittadella,Italy	7/tLQpAcObAZ1dsStNZg hyszSm6bAZxlBb2Guw
Ciumîrna,Suceava,Romania	2/pljSHiORB5UN7ZI
Civitanova,Marche,Italy	55/jdZoTY.eAJhmz7Y
Clawson,Michigan,United+States	2/OJCGjNmbApRwC7rk
Clermont,Georgia,United+States	4/pgj9GESbApSKNeK6
Clermont,New+Jersey,United+States	105/kV3_8lqbApQw7sR4
Clifton,New+Jersey,United+States	129/QOmct2.bApRTOIf6
Clovis,California,United+States	6/5Y2kAa6bApSRw3qW
Coachman,Florida,United+States	56/fKy5s_CbApQrkWRp
Cobres,Galicia,Spain	2/G8n_CDGeBJt8XMI
Codda,England,United+Kingdom	6/F4ry9UebAZx36AgFcw
Coffeyville,Kansas,United+States	3/Lzn2Z4WbApSWOYci
Coffs+Harbour,NSW,Australia	104/dZDw.aCbCZnBW4O7Mw UKtrGlqbCZpHM_81xQ MxwySgebCZrdsmFg_A
Colbordolo,Marche,Italy	69/ssuI2D.eAJjfjU4
Colfosco,Trentino-Alto+Adige,Italy	5/xmZST2mbAZ3oUpHtAA
Colle+Delle+Rose,Lazio,Italy	4/hsuKiMebAZ31dCfVrg
College+Point,NY,United+States	53/mzOOB8WbBZhn1lGS
Colombo,Western,Sri+Lanka	177/k_y77zubAJRCJ8cI jxSOdvqbAJTW4tZS u4ln2A.bAJTKZMYm eB4Da0ybAJsMPpWj tZjVasebAJTOPnfm SpKW67CbAJsK1RU1 qmgko0abAJS23CsD 7Xd5suSbAJQn5uO5 OaUk7QybAJQfv7J8 itY7dXCbAJStEj0U 3Sbg5CmbAJRQGPs1
Colonia+Marina,Emilia+Romagna,Italy	4/UfdVUdmeAJg1w2k
Colsterworth,England,United+Kingdom	1/llOWDtOYB5o9IQ
Combarro,Galicia,Spain	33/lTBkPOaeBJv5D7k
Copertino,Puglia,Italy	2/VTFn9KieAJgMhC4
Corato,Corato,Italy	11/_q44jX.YA5rcrlAJ4g
Corato,Puglia,Italy	71/8Kg5DSOeAJiGrp0
Corfe+Castle,England,United+Kingdom	73/iNimIU.YB5QosA
Corinaldo,Corinaldo,Italy	1/MPgKuj.YA5pLLWGyJA
Coronado,CA,United+States	253/8HXhrOCcBJWAXOGACQ
Coronado,California,United+States	196/Hz950eGbApRQP5fn
Cortazzone,Cortazzone,Italy	2/tGeX2YeYA5qsykspAw
Corvaro,Lazio,Italy	1/N71s2eqeAJjngNg
Cosanga,Napo,Ecuador	58/B6iQooOaBpxi8JU
Cottage+Green,Virginia,United+States	2/Ns95K8qbApTqKPpQ
Courcelles,Courcelles,Belgium	2/ulTG5GKYA5qP2X7Q9A
Covilhã-Santa+Maria,Castelo+Branco,Portugal	24/EHwoniabApgR9HIRjw
Covington,KY,United+States	16/sYX4GzWbBJ36sGFu
Cromwell,Otago,New+Zealand	3/YbZ4dl2bApiTQeWH
Crouse,North+Carolina,United+States	5/B3vI71mbApQyXjAy
Crowthorne,England,United+Kingdom	24/6QQtlC.YBplBzA
Cruz+Bay,Saint+John+Island,US+Virgin+Islands	369/kioNgqyaA5W1sdE
Crynallt,Wales,United+Kingdom	3/XQmjZiKYBpnpVg
Cubert,England,United+Kingdom	1/MPs0b5eYBpljLg
Culebrinas,San+Sebastián,Puerto+Rico	1/90v7quycBJQP8SbxQA
Cumbaya,Cumbaya,Ecuador	1/MA6B7UObB5QKaBelgw
Custoias,Porto,Portugal	327/QkYVSbCeBZSfJjY 9o7Jg5meBZQVxKw
Daddys+Creek,Tennessee,United+States	1/vHwNE.ybApSCTh3r
Dairy+Flat,Auckland,New+Zealand	1/UvOBoBKbAphkZh0S
Dalgety+Bay,Scotland,United+Kingdom	122/gUpG1wCYBpTM4Q
Dali,Dali,China	16/yoZoPm2YA5pH_DefLg
Datça,Muğla,Turkey	7/vfWWEDWbApgpNXAI
Davoli+Marina,Calabria,Italy	94/hJumVtmbAZ3qwkOybQ
Dayr+Al+Qamar,Jabal+Lubnan,Lebanon	1/R9Kx5nGYCJop7FtU
Dease+Lake,British+Columbia,Canada	3/Cj9UcsCQApwz
Death+Valley,California,United+States	191/nc0JmZqbApmyjXi0cw
Decatur+Junction,Alabama,United+States	37/3UCF10ObApVQCvW5
Dederang,Victoria,Australia	2/vRUFMDeYAJwUux8b
Dedham,MA,United+States	5/QoIr5f6bApnFpTpZ
Delia,Delia,Italy	3/wlpH2W6YA5rfic8DSw
Dharmsala,HP,India	12/O8S5PoScBJWNA.QxiA
Diamond+Lake,Oregon,United+States	6/NGL_BBObApUnlcfw
Dodgeland,California,United+States	7/yV19lFObApW1jWjl
Doe+Run,Kentucky,United+States	44/95ff9aSbCZsv.YZbAg
Domancy,Rhone-Alpes,France	1/2.mVy9mcCZTt0Hs
Don+Muang+International+Airport,Don+Muang+International+Airport,Thailand	5/XRAjhxCYA5lAwTr7DQ
Dorio,Lombardy,Italy	1/Es4Og9meAJlDwDI
Dorumer+Neufeld,Lower+Saxony,Germany	197/VVctPR6bAZ0eaDuSdw
Douglasville,GA,United+States	1/A_XqEoqbBJ2hzxCh
Doué-la-Fontaine,Pays+de+la+Loire,France	5/5V5x6GScCZVsvMo
Driehuis,NH,Netherlands	5/PdPBjYuYBJzjXxI0rw
Dublin,Virginia,United+States	25/W_Yc.sGbApV3bU_w
Duck+Key,Florida,United+States	31/0ZVgkMKbAphwWpA.DQ
Dunlewy,Dunlewy,Ireland	7/kVZcgKWbAZy7YKnLHQ
Duras,Limburg,Belgium	12/QbvSuk6QB5WrnqA
Durrumbul,New+South+Wales,Australia	20/qkRrGwKYAZVpdoZl
Dzongri,Sikkim,India	30/1H3M75ubA5sWGAxB
Dźwirzyno,West+Pomeranian,Poland	5/Wggy4uWdCJ6WqEA
Eagle+Point,Iowa,United+States	6/2j1OUribApUr.DB2
East+Mims,Florida,United+States	15/PrGEHUGbApVRb5lE
East+Warburton,Victoria,Australia	13/qt53frKbCZkAZQA8ZA
Eastbourne,Wellington,New+Zealand	1/jM7n0k2bApgWDO1C
Eastlake,Ohio,United+States	35/6vqGXp6bApXXh5We
Eddyville,Illinois,United+States	28/tn2LDtSbApVC.vx0
Eeckeren,Antwerp,Belgium	314/SvXpiNaQB5WMixQ
Eerbeek,Gelderland,Netherlands	1/Po2gPV.eA5T1wh0
Egiraz,Basque+Country,Spain	1/PaaixFqeBJTe.vs
Eglwys-Cymmyn,Wales,United+Kingdom	35/dDKHQbaYCJgnMQ
Eglwyswrw,Wales,United+Kingdom	23/A9vcdlyYCJhdHQ
Egnatia,Egnatia,Greece	5/lrMix4ebBZlFykTqOA
El+Chico,Florida,United+States	1/OJSCnKabApUU4xWk
El+Golfo,Canary+Islands,Spain	663/KRg6cgCbAZ7bdNi7bQ
El+Pedregal,Castille+la+Mancha,Spain	1/chXN6UqeBJXZ9BI
El+Puerto+de+Santa+María,El+Puerto+de+Santa+María,Spain	88/cryUDECbAZ6Q0J9rrg PYJ_Mc6YA5p33iw_bQ
El+Rancho,Colorado,United+States	3/QST9fjKbApW6ViHc
Eldernell,England,United+Kingdom	4/xxa9hvCbAZy0zOEL1Q
Ellary,Scotland,United+Kingdom	2/lJkxM8WYCJiE4g
Eller,Rhineland-Palatinate,Germany	5/pizaV7afBZt9omc
Elmira,Prince+Edward+Island,Canada	9/DHu1R.2aBpRK
Ely,Nevada,United+States	1/aNS3O.WbApU4KK1S
Emei,Sichuan,China	36/GPTymv2bAJmE5_KH
Emerson+Valley,England,United+Kingdom	125/dZlsaW2YCJkJBg
Enfield,England,United+Kingdom	2675/a39cqz2bAZgmNA CbfsJBKYApXGMg QB2ssdudAp8iAQ eZrEiXGdAp94ug q3_hzEudAp9C_w .o.0FLSYBp7lBg C9tMC3.aBp5xBw .pUkHveYCJo2sA Q4_LxemdAp90cA
Englewood,South+Dakota,United+States	2/5zcPa.GbApVlVOLW
Eniseli,Qvarlis+Raioni,Georgia	3/MeVcEkyYCJohjNmX
Enterprise,Florida,United+States	3/WLttqi2bApV9mTwg
Epping,England,United+Kingdom	5/UFCTknWYCJr4vg
Erie,Colorado,United+States	5/GqLIxsGbBZywe37M
Eriskirch,Baden-Wurttemberg,Germany	1/KdxB_8ifBZTmBQ8
Erlenbach,Erlenbach,Switzerland	1/4dkzQnaYA5rS.avFew
Erstein,Alsace,France	1/bMuQ..ucCZXdXfw
Es+Cavallet,Balearic+Islands,Spain	72/zNA7jNCbAZ5_L_yXyA
Escaroupium,Santarém,Portugal	4/o4h7cESbBZXwkj8LhA
Esparreguera,Esparreguera,Spain	1/pGccKOKbAZ6SjJO9wQ
Espevær,Hordaland+Fylke,Norway	2/XVZ2e2aRBJRyJRg
Estes+Park,CO,United+States	68/vjxwFeqbApo7tkR5
Estói,Faro,Portugal	1/9CzN11aeBZxd9XI
Eutaw+Forest,Maryland,United+States	83/GIzLSbKbBZxiW5m3
Exteral,Exteral,Germany	2/7uLH.4SYA5oKWrjddA
Fabriano,Marche,Italy	3/PZdDFjWeAJlZCe8
Fairmont+Hot+Springs,British+Columbia,Canada	6/u4808i.QBp2T
Fanano,Emilia+Romagna,Italy	27/YxiOEL2eAJkFgpA
Fareham+Borough,Fareham+Borough,United+Kingdom	1/KLpWYlGYA5ozTfgxqw
Farsø,Nordjylland,Denmark	1/eX731B.cBJ9CoNQ
Fellicarolo,Emilia+Romagna,Italy	24/WegOac.bAZ1v6M3v4A
Feres,Feres,Greece	1/ySERep2bBZlnN5jOgA
Ferncliff,Colorado,United+States	9/aRT98xqbBZwXoa6J
Ferry+Landing,Waikato,New+Zealand	2/TnfO0AObCZqWU5fcSA
Ferryland,Newfoundland+and+Labrador,Canada	33/.cOFkESdAZ0W
Fethard,Wexford,Ireland	2/tGyey5acB5wmr2Q
Fidenza,Emilia+Romagna,Italy	51/o7HPad2eAJn7hhM
Figeac,Figeac,France	3/SGY3HcCYA5q8C.5BiQ L5zXJl2bAZ1GV9cCnQ
Figeac,Midi-Pyrenees,France	60/xQgVFtOcCJzOAb8
Filettino,Lazio,Italy	4/d_PrmHWeAJmTetU
Finale+Ligure,Finale+Ligure,Italy	3/yH65kKOYA5qcxWcLKQ
Fisterra,Fisterra,Spain	143/pg945mObApiWsMZ0VA WcNIKBuYA5ri0E4SOQ
Fiumicello,Fiumicello,Italy	1/3Ati8dKYA5qMaj.zBw
Flamarens,Midi-Pyrenees,France	2/QRSjKyacCJ1Ta7A
Flesberg,Buskerud+Fylke,Norway	24/cDCBr4mRBJSlOVg
Fodby,Sjaelland,Denmark	1/QtjA4ZScBJ9eYxk
Forest+in+Teesdale,England,United+Kingdom	10/gHLtgcCbAZilxA
Formigliana,Piedmont,Italy	1/TJlUDpieAJkq0rU
Fort+Myers,FL,United+States	235/_pYxc.ucBJXqSlHHow Pc9Ql6ucBJWwtu_TmQ UCULaJKcBJV2gtqm1w rQM.wPGbBZulsjSx Ls.ekfacBJW3jKgg8w dBk7.JacBJVNPx1AFg xra3VxKcBJWxponMDA qs82_3OcBJWfgEt20Q goZ1Fx6bApjaAF.ZjA
Fort+Pierre,South+Dakota,United+States	13/cQ05Y0SbBZw2L0Pg
Fort+Wainwright,Alaska,United+States	10/.rfbzGubApmVKPFdKw
Fortuna,CA,United+States	42/72awYyubBZly9h5o h4xlbl2bBZQCut84
Four+Corners,Indiana,United+States	1/4hAa9v2bBZwnmnqg
Foxtrap,Newfoundland+and+Labrador,Canada	8/H7IGC9WcApU
Foyil,Oklahoma,United+States	1/Clmfu8.bBZwN7Xn7
Frackville,PA,United+States	12/tPr6fuGbBZz3xR46
Francavilla+Marittima,Francavilla+Marittima,Italy	1/R9_3a.OYA5pOjffq.g
Fredensborg,Hovedstaden,Denmark	1/CcY2a9KcBJ8OZG8
Frindsbury,England,United+Kingdom	67/BtBPxbGbAZwe2CjScw
Frisco,Colorado,United+States	23/godVGCebBZwXH5Fl
Frontenac,Minnesota,United+States	2/Zmlo97ebBZyXPvIB
Fränsta,Vasternorrland,Sweden	1/L_oEC46RCZVPcaM
Fuendetodos,Aragon,Spain	5/Y80cDi2eB51OqtQ
Gajuwaka,Andhra+Pradesh,India	1/a6M.lNSbCZVTSKMrUw
Galini,Cyprus+TRNC,Cyprus	30/d_QvlxGRBZ0yw9U
Gambirkuning,East+Java,Indonesia	1/X.FPob.cB5wi6DUjIg
Gandy,Utah,United+States	7/SFRi9dybBZwvsP7X
Gangelterheide,North+Rhine-Westphalia,Germany	19/BNHMiYafBJ0HMhM
Garden+Valley,CA,United+States	242/KBOCOo6cBJV0IYU_AA
Garín,Buenos+Aires,Argentina	1/66EdCnOdB5ofIPs
Gavorrano,Gavorrano,Italy	1/MLPkMuCYA5o8MWCSXw
Gemeinde+Aalen,Gemeinde+Aalen,Germany	10/qR4EEaybAZ1vt.hvlA
Gemeinde+Bühlertal,Gemeinde+Bühlertal,Germany	6/o6u_w4.YA5p9mLB98g
Gemeinde+Feldafing,Gemeinde+Feldafing,Germany	1/WRW5EjSYA5qpm5BKpw
Gemeinde+Hellenthal,Gemeinde+Hellenthal,Germany	26/6.kHnL6YA5p9y3avcA
Gemeinde+Kalletal,Gemeinde+Kalletal,Germany	35/ZeUR0O2YA5pIhT6i8w qvl3UlObAZ0sUeLByw
Gemeinde+Kühlungsborn,Gemeinde+Kühlungsborn,Germany	14/ss7mD.KYA5roH94maQ
Gemeinde+Leopoldshöhe,Gemeinde+Leopoldshöhe,Germany	2/dILEeTubAZ1iymhFcQ
Gemeinde+Lärz,Gemeinde+Lärz,Germany	4/wyb_yB2YA5oAm6eZMw
Gemeinde+Marsberg,Gemeinde+Marsberg,Germany	1/rGzsEd.bAZ1cU3BvDQ
Gemeinde+Monschau,Gemeinde+Monschau,Germany	40/yOTCEVabAZ3ff_CqwQ QLvZHsKYA5rbjZFv0w
Gemeinde+Schönau+am+Königssee,Gemeinde+Schönau+am+Königssee,Germany	54/4HdbL86YA5oL97qdWg
Gemeinde+Storkow,Gemeinde+Storkow,Germany	81/EzUNlVGbBZk.2cwFZg
Gemeinde+Südergellersen,Gemeinde+Südergellersen,Germany	5/GUiCqnCYA5oMZXKW1g
Gemeinde+Weil+im+Schönbuch,Gemeinde+Weil+im+Schönbuch,Germany	2/JHSa6G2YA5p4l4G47g
Gemeinde+Zeven,Gemeinde+Zeven,Germany	4/1XzxVuWYA5qCXRk6dg
Georgetown,ON,Canada	33/iKseWFqcBJU5O1DlIw lJ8.IS.cBJXoCLg2tQ W4InGKScBJUbCl4Ssg JN_g1uycBJX.DdZpTA
Gerbini,Sicily,Italy	2/GNPuPY6eAJoXPMs
Gerlingen,Baden-Wurttemberg,Germany	16/79Z0l0efBJ5UstA
Girard,Illinois,United+States	40/A4o7krSbBZ1Z0r5s
Glasshoughton,England,United+Kingdom	2/GoQQSr.bAJ307A
Glengarrie,New+South+Wales,Australia	2/FI_jX7SbCZnL93VFOA
Glenns+Ferry,Idaho,United+States	14/khMAzX2bBZ39NThi
Glenville,New+York,United+States	1/5mlWktqbBZ1EYvLY
Gloucester,England,United+Kingdom	2165/MwK3BzWdBZxktg C0C3JeWYAJVBqQ RecPCo.bCZkOww SZBBiqaaBp2BYA YNn3fqSbBZzNPA 1wDln7GdBZzmDA 8PSdDOabAJ4FKA 3Qfax7qaCZ8_dA UFpU9_6YAZ0zUw DbTWB1GaA5sJ2A O6uHOXybBpj7KA UMNBazebA5W9TQ
Goblesville,Indiana,United+States	3/i9cvowSbBZ0BNqxA
Goldau,Canton+of+Schwyz,Switzerland	2/u7j.qxqeCZ5LaYc
Golden+Pond,Kentucky,United+States	69/FVmoT7ObBZ0VYuON
Golfo+Arnaci,Sardinia,Italy	2/aWoKnPKeAJpwc.o
Goniądz,Goniądz,Poland	29/ixi3LQqbBZl5sUjrlA
Gorder,Utah,United+States	17/w6QB07ObBZ0PZCPX
Gordola,California,United+States	3/W.IdsjebBZ11DdyS
Grabtown,California,United+States	22/a3wywPebBZ0VqiZt
Grafenhausen,Baden-Wurttemberg,Germany	25/tRziJwyfBJ.Rqr8
Grand+Junction,Iowa,United+States	3/aOyyFVKbBZ1xkP_L
Grandes+Dalles,Haute-Normandie,France	3/VfrDJOOfAZpKmWk
Grapevine,California,United+States	34/OR7hplibBZ0PAx1F
Grass+Valley,California,United+States	2/lW3uoxmbBZ2McKh1
Great+Yarmouth+Borough,Great+Yarmouth+Borough,United+Kingdom	97/mZMxpY2YA5oCNVd7bQ
Greenfield,New+Hampshire,United+States	5/sK3DywabBZ05EGvE
Greet,England,United+Kingdom	5/rEVTHdebAJQGyA
Grimville,Pennsylvania,United+States	1/mabsRsGbBZ2J3hXj
Gross+Sirning,Lower+Austria,Austria	12/rPaiU3OcBZ3ILYc
Grottarossa+Nuova,Lazio,Italy	2/WXb9h3ibA5rniwtJRw
Grover+Beach,California,United+States	442/b.tvmuObBZ2pZZJC
Grudna+Dolna,Subcarpathia,Poland	2/nCzoLeOdCJkIdI4
Gruissan,Languedoc-Roussillon,France	1050/CDD64cWcCJ.2axA
Guadix,Andalusia,Spain	83/RfXUM5SeB531DPM
Guadix,Guadix,Spain	5/DdivFpyYA5pVkkYKfw
Guarajúba,Bahia,Brazil	1/m63uhXKdApin4ac
Guardias+Viejas,Andalusia,Spain	20/pKFnKDueB51aN_s
Guernsey+Airport,Guernsey+Airport,United+Kingdom	1/aBfuRW6YA5k.fByXJg
Guerrevieille-Beauvallon,Provence-Alpes-Cote+d'Azur,France	1/2n4PNCacCJ9rZzg
Guilvinec,Guilvinec,France	30/PkCQl6eYA5qOyB9bCg
Gull+Lake,Saskatchewan,Canada	8/uhkkmgufAJ8
Gurgaon,Haryana,India	12/seXpM96bA5UZ6PTR
Gödöllő,Pest,Hungary	36/W_6h01aRAJy7dxY 11pzPq2RAZt8QLk
Gümüşköy,Istanbul,Turkey	18/zVkZJw6bAp5Z2OtL
Güst,Mecklenburg-Vorpommern,Germany	1/xSpneXufBJnhgbk
Głusk,Głusk,Poland	3/qtIejPGbBZXC.xk_XA
Hadera,H'efa,Israel	176/zyIVXSqYCJpxQjzj
Hai+Long,Binh+Thuan,Vietnam	68/yMiUkE6YA5luEiwu
Hale,England,United+Kingdom	4/OwZYHvSbA53_LQ
Halle,Saxony-Anhalt,Germany	904/HLBVHXafBJojOqw
Hambleton+District,Hambleton+District,United+Kingdom	1/TJzmZsSYA5qp5nJCaQ
Hamburg+Airport,Hamburg+Airport,Germany	2/mnB5uaibA55Eq9iOyg
Hancock,Michigan,United+States	2/q8GSbaybBZ1m9Pyq
Hannans+Corner,New+York,United+States	1/uIgk0p6bBZ1NjDFN
Hanumanthapuram,Tamil+Nadu,India	3/1r1Ea.ybCJzCviME5w
Happurg,Bavaria,Germany	4/lC591lOfBJuLTuE
Harrietstown,New+York,United+States	5/KI0V5CqbBZ0R2dmw
Harts+Corner,New+Jersey,United+States	7/nM0n8O6bBZ0Igl1J
Hasliberg+Reuti,Canton+of+Berne,Switzerland	48/3unccxGYBJzMfITz6g
Hazel+Park,MI,United+States	3/bQnJfbqcB5wakJ6YAw
Heislerville,New+Jersey,United+States	11/pOWZSYebBZ3kf7nS
Hellevoetsluis,South+Holland,Netherlands	530/dDTpVdieA5VkBes
Hemingford+Grey,England,United+Kingdom	21/lEs.5L.bA5Ua0g
Hempstead,England,United+Kingdom	5/AWqiuEabA5XszA
Henderson,Kentucky,United+States	1/AkFlEEubBZ24b1Sq
Herod,Illinois,United+States	53/OHgViC6bBZ7cbCCp
Herongate,England,United+Kingdom	2/Hz9aWW.bApxLMg
Herve,Herve,Belgium	18/yD5ArZmYA5rNHmr.GA
Hervey+Bay,Queensland,Australia	8/sa5hpw6YAJxR6zF6
Hidden+River,Florida,United+States	2/GZ9nIaSbBZ6eQ2t.
Higher+Week,England,United+Kingdom	3/s4r4gGSbAp_j4A
Hijil,Al+Ahmadi,Kuwait	1/KJBcG3GcBJVYt3Bkxg
Hillston,New+South+Wales,Australia	2/Y4hAxkKYAJz40CYK
Hilo,Hawaii,United+States	17/wzjN.AGbBZ50aePn
Hippesbygdi,Oppland+Fylke,Norway	12/JjW5aRqbAZ0Iy4u7qA
Hiraya-mura,Nagano+Prefecture,Japan	18/J4wPq_OYAJy7anOF
Histon,England,United+Kingdom	16/clQVwoGbApmT_A
Hoboken,New+Jersey,United+States	19/ze3zli2bBZ5xD6wZ
Hofn+i+Hornafirdi,Auster-Skaftafellssysla,Iceland	187/bZz6txaQCZwD2LQ
Hoogblokland,South+Holland,Netherlands	5/aLXfqZqeApzVRrI
Horneytown,North+Carolina,United+States	8/l59y7Z.bBZ7pOW.B
Hotton,Luxemburg,Belgium	172/knMEwV.QBp0E76c
Howlong,New+South+Wales,Australia	1/8xUb19CYAJwioY.Z
Hugo,Colorado,United+States	3/AF76Bf.bBZ77gQ_c
Hull,Georgia,United+States	11/AbYOUsWbBZ4wfGeF
Huntersville,North+Carolina,United+States	150/CI2CstSbBZ5Lb1eD
Huntingdon+Valley,PA,United+States	6/XocyJXWbBJ2mwKzZ
Hurst,Texas,United+States	198/Pn_6sFWbBZ4n_Vxc
Hässelby,Stockholm,Sweden	125/wlOjBymbAZ2KsPpIrg Su_6Z.GbAZ2A2PM5RQ ryUgqp6RCJ7fIMI
Høydalsmo,Telemark+Fylke,Norway	10/i1BQo..YBJxvLbN8vg
Ibaiti,Parana,Brazil	93/2po4y4qdBJq4sUU
Ide,England,United+Kingdom	4/g0oU75.bBZ5cGA
Idukki+Township,Kerala,India	10/zHd_i2qbA5USV6Zr
Ilston,Wales,United+Kingdom	2/8btjZbybBZ8qmw
Immenstaad,Baden-Wurttemberg,Germany	1/H1SXUjOfB5_5Nps
Imwinkl,Upper+Austria,Austria	4/46FzrGmbAZwkYYDB5w
Infantory+School,Balochistan,Pakistan	1/cmX3Qr6bA5t8QuqkPg
Inishannon,Cork,Ireland	1/UE_LKzqcB51_a_M
Insein,Yangon,Myanmar	1/rSmtQbqYAZ1I8WOp
Inverleigh,Victoria,Australia	2/C8vEzj6YAJwrzQfI
Inzai-shi,Chiba+Prefecture,Japan	34/TbewddWYBJzfZ7Lt3g
Irapuato,GT,Mexico	360/szLfed.cBJW7NEqwTQ anAdhfGcBJR_8sJTIA GgeVmMecBJRYVnznfQ
Ischitella,Puglia,Italy	1/7EGpM12eAJpAdYc
Isle+of+iona,Scotland,United+Kingdom	1098/WnsI5k2bBZmOLA
Isola+Maggiore,Umbria,Italy	7/IF7vGEGbAZ09IDYVAQ
Jackson,Wyoming,United+States	12/YpL0_5CbBZ4Yljhh
Janetstown,Scotland,United+Kingdom	2/40nFSiebCZRfty3w0g
Jazbine,Lenart,Slovenia	14/SsMI.9ucBJTh6GF1Eg
Jeanerette,Louisiana,United+States	5/3DfTFXObBZ5d8v0O
Jektvik,Nordland+Fylke,Norway	1/P2oQ7ceRB5yuRsQ
Jenkintown,PA,United+States	344/hSlDDsKbBZg8RiWa ZZUnhSubBZTA167G 7QuQ9C6bBZoDXXrj
Jenolan+Caves,New+South+Wales,Australia	54/WVY91m2YAJx9ojn8
Jesi,Jesi,Italy	7/9K_BWJKYA5rg_mGNdg
Jimena+de+la+Frontera,Jimena+de+la+Frontera,Spain	10/8WTnzBSYA5r4xUiEOA
Johnstons+Crossing,Georgia,United+States	2/aYQjUrybBZ6ozSR1
Joplin,Montana,United+States	1/lFGJ2tWbBZ6fAXBo
Josephville,Queensland,Australia	1/h.XbuaeYAZV.EZde
Juan+Fernández,Canary+Islands,Spain	1/CCZ.4u2cBJQXRrCKng
Kagamiishi-machi,Fukushima+Prefecture,Japan	67/WbGPRPabBZTbM9KfYw
Kahana,Hawaii,United+States	772/ZFSdaUmbBZ8dALyT caFoQUObBZ.BEvSU
Kainakary+North,Kerala,India	12/c6V9eJ2bCJ0Lmimm0w
Kalibo,Western+Visayas,Philippines	4/e8eSD4yYAJWC4SfB
Kallithea,Kallithea,Greece	9/.e2g9MebBZnTdERi.A zijNugyQBJ1IjEo
Kalmar+Airport,Kalmar+Airport,Sweden	1/pSy9U5KYA5lJMmKIAQ
Kaloi+Limenes,Kriti,Greece	3/CkUzOa2QBJ3b9eA
Kambam,Tamil+Nadu,India	3/3gmYQBubA5sJRqU5
Kamnla,Ipiros,Greece	24/s3CsqlyQBJ1LzTg
Kapsalion,Attiki,Greece	1/3E1N22yQBJ2lC8Q
Kazimierz+Dolny,Lublin,Poland	207/N.gwYJ2dCJQ1.Vk
Keaton+Beach,Florida,United+States	1/KGXNNxqbBZ8bNBN_
Keele,England,United+Kingdom	2/sb2cx82bBZpFeA
Keene,California,United+States	84/.A3EFhGbBZ_ZBTmF
Kenn,England,United+Kingdom	4/_q3mMoGbBZvNjQ
Kerfany-les-Pins,Brittany,France	8/bGRpdYCbAZ0UKIRwGg
Kerzers,Kerzers,Switzerland	952/DPt177OYA5r8WkFRMw
Kilnamanagh,Kilnamanagh,Ireland	1/DBqe0_ubAZw.dKpiAQ
Kiltearn,Scotland,United+Kingdom	11/BS.8BaCbBJxIEA
Kingsville,Missouri,United+States	5/RLKPOw.bBZ.jXnm5
Kingswinford,England,United+Kingdom	1/s4faVuebBJ49vw
Kinlochleven,Scotland,United+Kingdom	276/7Vs0FEmbBJ6g.A
Kinneret,Hazafon,Israel	1/l1KkEDSYCJoups.N
Kinrara,Scotland,United+Kingdom	3/EzD9nrKbBJ4ErQ
Kirchberg+Linak,Styria,Austria	2/KCEvNM6bCZWTjNeFLw
Kirkjubøur,Streymoy,Faroe+Islands	78/eFDiiLSdBp5TcfY
Kitanagoya-shi,Aichi+Prefecture,Japan	2/m.lyQ4mbCZ9_KrjHxQ
Kiyosu-shi,Aichi+Prefecture,Japan	1/_7UQ2xeQAZyAe49OXw
Knobs+Flat,Southland,New+Zealand	14/a1SWaAqbCZqou9bKkA
Knollwood,Illinois,United+States	58/QIFL9ZabBZ94szs1
Koali,Hawaii,United+States	52/vhWFDkCbBZ89DXHH
Kom+Ombo,Aswan,Egypt	186/nNU0E2mYBJ7fOC0G
Kosgoda,Southern,Sri+Lanka	1/gMf9qQ2bAJTj30RR
Kowloon+Tong,Kowloon,Hong+Kong	4/oW5348SbAJqAc7P9
Kratzeburg,Mecklenburg-Vorpommern,Germany	2/WMYL5HGfB5Q7h5Q
Kritsa,Kriti,Greece	10/ATfCUaOQBJi934M
Krunderup,Midtjylland,Denmark	126/c3DENeeYBJwvpyb3fg
Kępa+Rzeczycka,Subcarpathia,Poland	2/FC.2TvWdCJWAt_w
L'Arcouest,Brittany,France	2/fUFFLiCcCJpJTBM
La+Ampuyenta,Canary+Islands,Spain	6/2ENPaRKeB58FGVg
La+Bisbal,Catalonia,Spain	17/BHZOqDCeB58dhxU
La+Fabbrica,Sicily,Italy	4/je_qLpmeAJpUDuo
La+Frette,Rhone-Alpes,France	1/48Cq0M6cCJQ7Utg
La+Junta,New+Mexico,United+States	2/vFRQe0mbBZ.zNY22
La+Llagosta,Catalonia,Spain	2/n0MFtzKeB5_r6VU
La+Lurda,Castille+and+Leon,Spain	3/JzHgFMGeB59sg2s
La+Paquelais,Pays+de+la+Loire,France	22/ADJUwEGcCJX_T70
La+Plana+Novella,Catalonia,Spain	11/JtR.JbqbCJ_nvBgouQ
La+Roche-Derrien,Brittany,France	3/h5LPV9GcCJVsi1Y
La+Rochelle,Poitou-Charentes,France	497/N5C4rMicCJWW6AM
La+Roque,Provence-Alpes-Cote+d'Azur,France	18/_x3ZKt6cCJXXBqY
Ladow,Washington,United+States	196/nkwsmFObBZ.IyWGS
Ladurnes,Trentino-Alto+Adige,Italy	33/XAvzdWieAJpRgKA
Laethem-St-Martin,Oost-Vlaanderen,Belgium	93/zslFo_aQBpuKUJM
Lai+Chou,Lai+Chau,Vietnam	6/n7URezOYA5.aEX6j
Laives,Laives,Italy	19/Un8xxYSYA5rqb3KNqQ
Lake+Los+Angeles,California,United+States	3/tfyeGi6bBZ.YJyKP
Lake+Wales,FL,United+States	9/JOH6fEGcBJXkL_HeuA
Lakeville,CT,United+States	71/mu4z6Z6bBZ9zMmyI
Laksebubukta,Finnmark+Fylke,Norway	16/DobdwJCcBJSHlvLCHw
Lanaeken,Limburg,Belgium	52/vGhuvUiQBp4ZTDM
Lancaster,New+York,United+States	5/0LwUSvCbBZ_zMBtX
Lancych,Wales,United+Kingdom	1/Cicf4kGbBJtggg
Landa,Basque+Country,Spain	1/qR7Em.KeB5g3hqk
Langford,British+Columbia,Canada	10/I6KkMUubApgv98TqOA
Lanham,Maryland,United+States	1/UT6oyjWbBZ88m.e.
Lanleff,Lanleff,France	4/2F.u8paYA5r9koaGIQ
Lannion,Brittany,France	4/6DeZarSfAZ0z.8Y
Lappeenranta,Southern+Finland,Finland	20/fnV_AWacB5RjCbw
Lardero,La+Rioja,Spain	9/Zt_k6feeB5gl8cg
Larnaca+Airport,Larnaca+Airport,Cyprus	427/QYvCzUSYA5lh3jSO9A
Lascellas-Ponzano,Aragon,Spain	2/xZu_VRieB5gbN64
Laschamp,Auvergne,France	15/rC4mQrOfAZ13xzI
Lausanne,Canton+of+Vaud,Switzerland	231/F0ThGNCeCZ9v2RE JoQhVqyeCZ3CDyA
Lavino,Abruzzi,Italy	1/U4bw4TWbAZ1zych.aA
Lavos,Coimbra,Portugal	34/xy3AudCeBZ4u9yk
Le+Noirmont,Le+Noirmont,Switzerland	1/QGP.sFmYA5qnWePujw
Leende,North+Brabant,Netherlands	47/cJCbmWGeAp0eyoM
Lekkum,Friesland,Netherlands	132/Aubcb0GeAp1UyLw
Leland,Mississippi,United+States	19/d8oI6a6bBZ_XoxkD
Lentiai,Lentiai,Italy	2/ZDs5mo.YA5qLTPZkjw
Leonia,New+Jersey,United+States	66/soOt05ubBZ_aeJKx
Leonrod,Bavaria,Germany	20/VdyRh6mfBp2xVhM
Leppävaara,Southern+Finland,Finland	18/teLZGvGcB5X.4Lg
Les+Chaumes+de+Sazenay,Burgundy,France	23/dag0bO2bCJ805P9P2w
Les+Mulottières,Centre,France	1/ik9e_qCbAZ0KQ3NWJw
Lewisburg,Pennsylvania,United+States	16/xv5VdzebBZ8ke6VS
Lexington,North+Carolina,United+States	1/CNUlntabBZ.uDsCR
Leça,Porto,Portugal	23/oDX4eFWeBZ7Jvyk
León,Guanajuato,Mexico	1/PQMYuJyYAp28LD0
Li+Valcaggi,Sardinia,Italy	4/1Ugx5queAJuEEMg
Lidkoping,Vastra+Gotaland,Sweden	2/Z86mTlORCJvRaAQ
Lido+Adriano,Emilia+Romagna,Italy	7/6O3N1FybAZ2QXjGQLA
Lincoln+City,Oregon,United+States	13/z3sr_oabBZ8DevZJ
Linkoping,Ostergotland,Sweden	234/1fnxYFuRCJhd2AY dB66o_iQAZsZDdY Pj8qKWGRCZizFn4 MoDmAeqQAZSwHQE b8PPuEuRCJtpIc4
Little+Compton,Rhode+Island,United+States	9/3SyeS3ebBZih6IFc
Livadhi,Notio+Aigaio,Greece	2/vRCKesCQBJnA2i8
Llanbedrog,Wales,United+Kingdom	6/Yc251MubB5uKNA
Llanddulas,Wales,United+Kingdom	20/_LlcwQKbB5R8Zw
Llanengan,Wales,United+Kingdom	4/9CLUOlabB5ThAw
Llanes,Asturias,Spain	30/_WfguPeeB5m.jxA
Llangenny,Wales,United+Kingdom	2/5uxrpNGbB5Usew
Llwyncelyn,Wales,United+Kingdom	1/v._FeACbBp3oQg
Locarno,Locarno,Switzerland	110/NEEUBQ2YA5q9MTo63g
Lochau,Lochau,Austria	57/u3CfTJKYA5pBTT1GbA
Locmariaquer,Locmariaquer,France	12/YHasP.WYA5qxZh7O2A
Loenen,Gelderland,Netherlands	13/PkZf1MWeAp2D3Dw
Lohja,Southern+Finland,Finland	15/QvtwfDmcB5V637w
Lomax,Indiana,United+States	15/iZeWlsSbBZjTAw4f
Loneriacco,Friuli-Venezia+Giulia,Italy	1/ddiMfBabAZ3cku3bSw
Long+Point,Vermont,United+States	1/3QDFGfmbAplP5ph0uw
Longford,Victoria,Australia	2/cYHfyFGYAJz8tOyS
Longueuil,Quebec,Canada	31/D70GvnCdApSV
Lorbottle+Hall,England,United+Kingdom	1/PM8OpWGbAZwEIjU2GA
Los+Molinos,Madrid,Spain	1/C_J37o2eB5kL2Sc
Loudenvielle,Midi-Pyrenees,France	27/ONuBCi.fAZQG6d4
Lovaton,England,United+Kingdom	11/59.TzZCbBpk.Og
Lower+Matecumbe+Beach,Florida,United+States	2/VlULkYebBZjDLng_
Lowton,England,United+Kingdom	3/LHIh2nibBpSYHg
Lubeque,Schleswig-Holstein,Germany	27/7EV1YBmfBp70Idg
Luen+Wo+Market,New+Territories,Hong+Kong	71/Tp0w2C2bAJq6CKnH
Lukeville,Arizona,United+States	8/ThFPKt.bBZgSFv9S
Luneburgo,Lower+Saxony,Germany	37/95uKHIOfBp9Ep.s
Lustleigh,England,United+Kingdom	325/5DnVhzCbBpVHEA
Lárrede,Aragon,Spain	2/Anf7TDeeB5jp4I0
Lónya,Szabolcs-Szatmár-Bereg,Hungary	1/sRahZiCRAJ0tnmI
Lönhult,Skane,Sweden	1/mDlaJmubCJ6ha2T5DA
MOGLIO,Liguria,Italy	7/ufdapWybApg4Va_ozg
Maaseik,Maaseik,Belgium	72/S0p.bsyYA5osaLkgzg
Maastricht,Limburg,Netherlands	716/piup.uGeAp3GC9s
Macdill+Air+Force+Base,Macdill+Air+Force+Base,United+States	8/15NOgXuYA5n07PX.hQ
Madonna+del+Pilone,Piedmont,Italy	7/R4MlL_SbAZ3bRU4M_w
Maggia,Maggia,Switzerland	4/TerEpz2YA5otYTyoiw
Magione,Magione,Italy	8/OVusYmGbAZ3eIca0WQ
Magny-le-Hongre,Magny-le-Hongre,France	45/uOpQBByYA5rC35D.Hg
Mai,Lampang,Thailand	71/JBVy2ducBJXwCAsrbA
Maiori,Campania,Italy	68/g6IOJqKeAJuQoNk
Mairhofen,Tyrol,Austria	6/2i11XBWcBJyTxvk
Malmedy,Malmedy,Belgium	11/mQ1BBHSYA5rByNOv_A
Mamre,Western+Cape,South+Africa	1/TrwOEDWYBJUFGvos
Manattee+Road,Florida,United+States	5/U3InCwCbApg7IyN.xA
Mansfield,England,United+Kingdom	8/BZdFfAqYB5.O.w kB_yaOCbAZhbYA
Manteo,North+Carolina,United+States	43/jQZj1gybBZi3V8KR
Manvers,England,United+Kingdom	1/Iu8BfFqbBZQQsuPkLQ
Many,Louisiana,United+States	1/4_EXAIObBZj3h30U
Maratea,Maratea,Italy	59/aiMI0WabAZzLQozfcA _ZK0kmWbAZ2QfVJY2Q
Marciana,Marciana,Italy	15/SWfF8euYA5qyAfEVIA
Mareny+de+San+Lorenzo,Valencia,Spain	4/5o7IxDOeB5qnTdw
Mariahochheim,Baden-Wurttemberg,Germany	8/mIigmy2bAZ1s6W91kA
Marieville,Quebec,Canada	6/XPu7LfKaBJjv
Marina+Della+Lobra,Campania,Italy	29/XpYucHibCJ92vfyawg
Marina+South,Central+Singapore,Singapore	11/n7ztR2WcBJQeqH11ZA
Marion+Bridge,Nova+Scotia,Canada	16/dXV6lGOaBpkW
Marlborough,England,United+Kingdom	6/Lo6LrWybCZ_2hg
Marsaglia,Emilia+Romagna,Italy	1/vG1bn0.eAJvPOrI
Mas+de+Pozallet,Valencia,Spain	873/jygX94.bAZ4VKwTi0g
Maser,Veneto,Italy	12/1GJMZFieAJTQKYM
Mashhad,Khorasan,Iran	2/DTQAB5ObA5mFFK4T
Massa,Massa,Italy	5/mXXVN2uYA5r7drtvAQ
Masseria+de+Ambrosio,Campania,Italy	1/2lQ6DrSbCJ.hn5SXew
Mataram,West+Nusa+Tenggara,Indonesia	5/5ORajMCYAZg9nBY0
Mather+Airport,Mather+Airport,United+States	20/yG1jAG2YA5nt_qv3DQ
Mathry,Wales,United+Kingdom	397/kngujSKbCZmdBA
Mauthausen,Upper+Austria,Austria	3/f50wiamcBZkGiCQ
Mavros+Kolympos,Kriti,Greece	1/IHqLriOcB5zrnE9utA
Mccall,Idaho,United+States	20/8xU_9W.bBZjNv395
Mckeesport,PA,United+States	58/VvzTNbubBZTG9Ubu
Mcmillan+Corner,Michigan,United+States	1/IaEYjuWbBZiHKZuR
Medley,Alberta,Canada	58/i3HedOGRA5hZ
Medlow+Bath,New+South+Wales,Australia	13/pZfv5MyYAZVVwM4h
Megalon+Livadhion,Notio+Aigaio,Greece	42/afwoG3WQBJoouzU
Melgar,Tolima,Colombia	6/uPdqZ5OaB5VsCYk
Membland,England,United+Kingdom	8/5Lh6wVabCZrQJA
Memphis,Tennessee,United+States	158/Ne7swd2bBZiNCFTy
Menemsha,Massachusetts,United+States	2/2tNeBWebBZiFVBmz
Mentor,Ohio,United+States	21/wMwTe5GbBZhQKeaJ
Merbok,Kedah,Malaysia	77/0lcrWK6YAJl.4Mfe
Merthyr+Mawr,Wales,United+Kingdom	69/TAASy56bCZuWWQ
Methoni,Peloponnisos,Greece	8/k6MaXSCQBJua.KI
Meyrueis,Meyrueis,France	2/CV75Tq.YA5oPHqr03Q
Mezguida,Er+Rachidia,Morocco	1/i4l49YSYBJgh5wrh
Miami+Beach,Florida,United+States	1200/guohbambBZl5YPR8
Middleboro,Massachusetts,United+States	452/Z2Qw6umbBZkGSuFG
Mies,Mies,Switzerland	1/4gPKqTCYA5ofH2bZRQ
Milden+No+286,Saskatchewan,Canada	1/A3nUknCbCJ_HD580ZA
Milden,Saskatchewan,Canada	3/JFw0cFGbA56K
Mill+End,England,United+Kingdom	5/NAu.s92bAZzdcMtRYA
Millaa+Millaa,Queensland,Australia	20/py4_3QeYAJygzlRR
Milton,New+York,United+States	1/53FgxiWbCZvJ2iKBGw
Minden,Louisiana,United+States	219/7HtR0U.bBZlqyJSD
Mingaladon,Yangon,Myanmar	1/PcahrqSYAZ2IaNWD
Mission,California,United+States	104/d0v53g6bBZmWUtvt
Mitchell,Oregon,United+States	1/oei9nhmbBZkBPaPz
Mittelberg,Mittelberg,Austria	1163/0.XiYi2YA5qtATuemg
Mondello,Sicily,Italy	443/s0JmMdeeAJTMv1g
Monkton,Maryland,United+States	6/jKm6seqbBZnX0pct
Monroe,New+Hampshire,United+States	1/BjXZBFGbBZmWqm4k
Mons,Hainault,Belgium	13/0xB4OD2QBpjtRs0
Monserrato,Sardinia,Italy	41/EsP8I9CeAJRo3PA
Montecristi,Manabi,Ecuador	3/K8qEFNiaBpm3Bpg
Monteleone+Rocca+Doria,Monteleone+Rocca+Doria,Italy	15/i53c1d6YA5ouFwgk2A
Monterfil,Monterfil,France	17/m3KaxJyYA5qR9Qe8wg
Monto,Queensland,Australia	2/xnx8Hc.YAJyO33ZO
Montoito,Lisbon,Portugal	1/urUPPMaeBZhdNxc
Monza,Lombardy,Italy	130/hWYJaI2eAJWrVxI
Mooresville,Missouri,United+States	1/EBQug6.bBZkjo4gx
Mooresville,North+Carolina,United+States	83/eWgEC9CbBZlDdcji
Mopeia+Velha,Zambezia,Mozambique	4/jsUWutWYBJlkZ.DK
Moreno+Valley,California,United+States	200/WCc._A.bBZnwNgSK
Moreton,England,United+Kingdom	3/1.vE9qSbCJ_nxw
Morfi,Dytiki+Makedonia,Greece	5/taxix8eQBJumh2o
Morgex,Morgex,Italy	3/6EY_f_mYA5ojpQTPzg
Morino,Morino,Italy	3/VXs4v3ubAZ1ZdQi8fw
Morlaix,Brittany,France	1/K8AX.3ifAJ8zCqI
Moskushamn,Svalbard,Svalbard+and+Jan+Mayen	3/EQDcE.qcApvGjpU
Mount+Hagen,Western+Highlands,Papua+New+Guinea	3/y8oufiGYAZrwVjQe
Mount+Nebo,Virginia,United+States	1/B_UlKnebBZmIGa4r
Mount+Pleasant,Iowa,United+States	229/iKEHw.ebBZkP4LVC
Mountain+View,Virginia,United+States	4/iRKib.WbBZlfYHOh
Muir+Woods,California,United+States	1/YXfMBhSbCZ_3eWoKEw
Muotathal,Muotathal,Switzerland	3/dHRI4kGYA5pTE4p0mQ
Mura,Catalonia,Spain	19/sQ8HLLSeB5RvQ2Q
Muret,Midi-Pyrenees,France	3/5o5rYVyfAJ9sQ5Y
Muroc,California,United+States	12/yxAzHRCcBJUNdZ.Lvw
Musei,Musei,Italy	1/_0IKOnWYA5rq7t3Ihg
Musile+di+Piave,Musile+di+Piave,Italy	1/HNHScnCYA5o7iS.SrA
Mwnt,Wales,United+Kingdom	1/kioW79SbCJqmbQ
Nampula,Nampula,Mozambique	22/jkCZ73OYBJnt1G6s
Nasbinals,Languedoc-Roussillon,France	15/7GYETkefAJ8Y6oI
Navarrés,Valencia,Spain	1/XD7cBGGeB5RwCFg
Navghar-Manikpur,MAH,India	19/6d7lXKObA5XVjWzA
Nazelles-Négron,Nazelles-Négron,France	12/op6MHgybAZ30OcMz7g Ofxau_WYA5rz6gZSNQ
Nerín,Aragon,Spain	2/aLbqA9ueB5T.nYg
Netzschkau,Saxony,Germany	2/tkkFFuOfBps_9Zc
Neu-Isenburg,Hesse,Germany	1/mQyuVO6bA5nIKS6_0w
Neuburg,Bavaria,Germany	1/IaTn1FOfBpu9Ia8
Neudorf-Süd,Neudorf-Süd,Germany	106/bhwSbbqbAZ1DNDuULw
Neusiedl+am+See,Neusiedl+am+See,Austria	2/cU.UmX6YA5o0EblYKw
New+Alresford,England,United+Kingdom	10/8u0.TmebCJTCag
New+Buffalo,Michigan,United+States	78/1VenSiqbBZkk8p6N
New+Lebanon,New+York,United+States	1/K7AUxcmbBZntP7TZ
New+Lenox,Illinois,United+States	5/3ewnPjGbBZmsW9tB
New+Waterford,NS,Canada	1/JfnZdTybAp.ZBhNrGg
Newark,New+Jersey,United+States	160/FIa_MgybBZlP1Slz
Newlyn,England,United+Kingdom	12/6I6iOPGaAZ1ZWg
Newry,Maine,United+States	1/sygS4jqbBZmLGQ74
Nieuw+Sluis,Zeeland,Netherlands	1/0FGoqZqeAp7zZL4
Nileshwar,Kerala,India	7/mIb9j66bA5WnC_9d
Nogal,New+Mexico,United+States	1/hI_dHb2bBZqIWxN.
Nois,Galicia,Spain	1/lNV.0cieB5R6nbU
Nong+Bon,Bangkok,Thailand	2/Kha5vrqcBJWd7S5vqw
Nonnevitz,Mecklenburg-Vorpommern,Germany	12/3hSWTnmfCZwYWlE
Nonthaburi,Nonthaburi,Thailand	7/flNMAc6YA55zqRWz
Norah+Head,New+South+Wales,Australia	1/QjMf_sObCZnT77hlKQ
Norristown,Pennsylvania,United+States	22/HfNxYVybBZqv5uCC
North+Dalton,England,United+Kingdom	7/lIJr_teaAZj4Aw
North+Highland,New+York,United+States	3/IIhDnUibBZodFR7J
North+Tonawanda,New+York,United+States	28/LeA1TAybBZoR_5lG
North+Versailles,Pennsylvania,United+States	4/bSOqJhibApgCEoqCKA
Novazzano,Canton+of+Ticino,Switzerland	1/brTplW6eCZ_agGA
Novelty,Washington,United+States	3/yHujHdebBZrfJqTc
Novorossiysk,Krasnodarskiy+Kray,Russia	46/3Ll6d82bAZl2LinE
Nurmijarvi,Southern+Finland,Finland	5/efgSI3CcBpylsHQ
Nutfield,England,United+Kingdom	45/m2f7BEuaAZvU7g
Níjar,Níjar,Spain	79/4XdW1DOYA5qJoczVeg l7Cj2E.bAZ6kqeGV1w 0P4RstWbAZ4LbG5EUw
Oaklawn,Georgia,United+States	4/LTFtTFmbBZoonGT4
Obanos,Obanos,Spain	2/hUGyvaSYA5qpvoN2iQ
Oberiberg,Oberiberg,Switzerland	62/xexOkPGYA5oSopP6Iw
Obojnia,Subcarpathia,Poland	5/kFZL3sibBZVQK3TX0w
Ojo+Amarillo,New+Mexico,United+States	1/eGbq9GybAphDF3Bblw
Old+Shongopavi,Arizona,United+States	2/GK1M5P.cBJWnigSUkw
Oneida,Tennessee,United+States	7/i4aKxEmbBZqFHeT9
Oranda,Virginia,United+States	1/DFYKPKObBZqw6qTG
Oravitza,Caras-Severin,Romania	1/cu3Mg62RBpqsoAg
Oregon+Jack+Creek+Indian+Reserve+5,British+Columbia,Canada	8/2FD7qUGbCJ_2Z4DKzQ
Oreshets,Plovdiv,Bulgaria	8/b7Cgfp2RApRhLDc
Origgio,Origgio,Italy	10/sj8OGfCbAZ2SA9hDIg kQyRkXSYA5obOCI07Q
Ormond+Beach,Florida,United+States	2/vpYPH96bBZp_d8pM
Orono,Maine,United+States	44/zh_a_1KbBZql8zQi
Ospitaletto,Tuscany,Italy	33/79WB8PSbCJ9IGgtZsw
Ostseebad+Ahrenshoop,Mecklenburg-Vorpommern,Germany	13/h3Xb9sSfCZ.HQSY
Oswego,NY,United+States	7/ARLISe.bBJ3jhfMa
Oud-Reemst,Gelderland,Netherlands	22/Jgm5Xw.eAp4tthQ
Padenghe+sul+Garda,Lombardy,Italy	11/7BQY5nqeAJVjkxU
Paderne,Galicia,Spain	4/MC3NzBGeB5W00n4
Paliokastritsa,Nisia+Ionioy,Greece	22/siWbG8mQBJShtok
Palmer,Massachusetts,United+States	1/fxRMUE6bBZrsOdMl
Palmerston+North,Manawatu+Wanganui,New+Zealand	7/KM2nSLCbCZqGJ9Vt7w r0iv3IebCZp6.d3PNg
Palmi,Calabria,Italy	32/lF9eA5yeAJXt3f8
Palmira+Centro,Palmira+Centro,Panama	1/vuHI30abB5vwbi21PQ
Paluden,Brittany,France	3/8velc5ubAZ3wioa3kA
Pampeago,Trentino-Alto+Adige,Italy	4/3.jPk3CbAZ35oYKpow
Par+Beliya,West+Bengal,India	4/SqI12TObCZW.Fw2Jxw
Parabita,Puglia,Italy	4/rLHNsgCeAJXgj.o
Paradise+Point,North+Carolina,United+States	3/P0.gUTubBZqWJB0B
Passage+West,Cork,Ireland	76/PR7SPyKcB53s0zs
Passo+Dei+Pecorai,Tuscany,Italy	3/zIsxj9qbAZ3beLIhcw
Pavana,Tuscany,Italy	2/IJLMKgWbAZ0jPGY29w
Pawenang,West+Nusa+Tenggara,Indonesia	1/5Vt6TnaYAZiYuLGW
Peille,Peille,France	3/UeEOES2bA5s1NQJAOg
Peio,Peio,Italy	2/CQR2VvSYA5rjvGALTw
Pelileo,Pelileo,Ecuador	5/cx45FEWbB5RgjvpylQ
Pemukan,Alberta,Canada	1/xFJyERORBJq9
Pengalengan,West+Java,Indonesia	2/GlNfFU2YAZjglgzK
Perch+Point,Michigan,United+States	1/sHobf9mbBZvSVlee
Pereto,Emilia+Romagna,Italy	3/SXwW4gibAZ0qhooY.w
Perth,WA,Australia	3820/IVqAHNGeA54DzKra iVW7i0eYAZVLrmMO qtDYVBueA57S0aTt YUJ6jLqeA57G9c1e FBItQw6bA5tTPJWTYg ZeoeDiaeA577pAtw lgi_RXeeA55K9PbY z0d.tlmeA56ItBQx omYDcD6bA5vmjGewGw AuOAbaiYAZX96Yq8 fMQQIUieA551sMuK tgkv1WSeA56jyKVF NumxgyybA5sDr0QI3Q In2TWfGbA5uGDWP.Zg vLhTvC6eA57WfxrZ tSbXOQmeA54KNnaU 0tZQ0eqeA55LGjMr q9tdb6uYAZUaPfjr z49iTAuYAZWvUEzs nZ6L8zSeA54B0QAR tYmvrrqbA5tFYXPucw v26FcrGeA56Nz2_b bpzAdFmeA55CEnVH DYE9RmSeA56C069F 0IhF2hueA56BI6_0 baki59SYAJw6njjM 5ZP8Y2ueA55GUaXw Ejn70gOYAZWM_f4T cZZtajuYAZUprZ_e WgDrgZyYAZU2U4RQ IPtMojabCZpXa1D77Q FhVDhVmeA55RSvNG iZm2z0SYAZVkwsB0 NERtfM2eA55a1H2T W6.UOmSeA56clTZG ETyqUPSeA56ibh2h sgZTKUyeA55zo7bN eRTkSlGeA57VGeVM rzYesHibA5vFD3_n_Q TYdIPueeA54k2_37 mhvTwS6eA56rkSWX
Pesaro,Marche,Italy	12417/wo.0rTeeA5xz3Mg
Peshawar,FCA,Pakistan	3/oKrh0HCbA5z3rXmL
Petaloudes,Notio+Aigaio,Greece	11/Y89LgKqcB5wBAOomFw
Petit-Lancy,Canton+of+Geneva,Switzerland	11/cJgUo_OeCZ8pO8E
Peyrignac,Aquitaine,France	4/dabINKafAJrk3cQ
Phelps,New+York,United+States	9/soK6s3WbBZtDSaUZ
Phillips,Maine,United+States	76/xGtI51KbBZsTx62S
Pian+Osteria,Veneto,Italy	4/f4UNM5KbAZ2ravSahg
Pianavia,Liguria,Italy	22/fGoQpgeeA5zEFik
Pilchów,Subcarpathia,Poland	1/SdVXZhGcAJ6e7aU
Pinos+Puente,Pinos+Puente,Spain	21/0mTD8RmYA5p68Y5ltA ha5SiSybAZ73D6CIJQ
Pirot,Pirot,Serbia	346/PT4XIf6cApm5zh8
Plampincieux,Valle+d'Aosta,Italy	20/sR8c4MWbAZ3dn9g5pQ
Planos,Nisia+Ionioy,Greece	5/3ZBfFpOQB5xopbA
Playa+de+Tauro,Canary+Islands,Spain	25/QOivAf6eB5_VXI0
Pleasure+Valley,Indiana,United+States	1/EhqOEMKbBZsAUAsb
Poble+Nou+del+Delta,Catalonia,Spain	512/TGNKhXybAZ70IQBXeA
Pocol,Veneto,Italy	7/PczDA36eA5zfGJs
Pogoniani,Pogoniani,Greece	1/NRzOgymbBZk07EO15Q
Pokhara,West,Nepal	40/rTRD.3ubA5q4mfSk
Pollença,Balearic+Islands,Spain	137/fHHK3seeBpyvxD8
Poncey,Burgundy,France	2/WYSblLGbAZ49Isizqw
Pont-Aven,Brittany,France	2/4yJM69OfAJtmnKY
Pontaix,Rhone-Alpes,France	1/3DYiGB6fAJvwCK8
Ponte+da+Pedra,Porto,Portugal	8/j656LUGbCJ_qEc5.OA
Ponte,Galicia,Spain	1/ShV6nuWeBpyvanI
Pontida,Pontida,Italy	8/dTnGguCbAZ0cOI1ktQ
Pontoon,Mayo,Ireland	7/k4YSSIKbApqIpF5l2Q
Pontypool,Ontario,Canada	147/tWujHCqdAJ2l
Ponzano+di+Fermo,Ponzano+di+Fermo,Italy	3/YybfiAqbAZw8VTouQA
Pope,California,United+States	103/BId1RaKbBZsnfCPH
Poppi,Tuscany,Italy	48/XkGTLPueA50bgJA
Port+Kent,New+York,United+States	1/dKMDo9CbBZuDinwa
Port+Perry,ON,Canada	27/bORNk5WcBJWKepeVJA
Portageville,New+York,United+States	57/W4iIfkKbBZtU.XcA
Porthgain,Wales,United+Kingdom	17/2h6miJeaA5hoiA
Porto,Porto,Portugal	1305/Acd.b.ieBZoMCoA 2kKrKaGeBZ5L0g8 ykjkJCWeAps9erg M3UNzCOeBZ4d8k0 zr7fTQieBZi.dtI 8oEmgG6eApu5tic ABsEDcGeBZnaKZ0 elkZ6zmeApmnhZs 25FhzSybAZ1xRMCSwQ bAdFKUeeBZ2Oxig RloJQ.KeBZ5PG6M o9S3fmqeBZpKLoE
Portquin,England,United+Kingdom	1/Zhb_n2uaA5_1uw
Poschiavo,Canton+of+Graubunden,Switzerland	42/CPWxPoieCZ_cnT4
Potes,Potes,Spain	1/uQ_7I66YA5pzsApJcQ
Pott+Shrigley,England,United+Kingdom	6/lFmsxOqaA5gl6w
Povo+Novo,Rio+Grande+do+Sul,Brazil	1/kxXRW4GdBZnmyf0
Prades,Languedoc-Roussillon,France	104/xkGJlc6fAJuqV7U
Praia+do+Ribatejo,Santarém,Portugal	3/3T3NtsWeBZqaRAo
Praiano,Campania,Italy	30/dbVdyRmeA52J2fY
Predeal,Brasov,Romania	43/WEk4dvSRBpRsQ_k
Puente+de+Burguillo,Castille+and+Leon,Spain	1/VLBH6mucB5xgqCmoGA
Puerto+Colombia,Aragua,Venezuela	16/WGNEDNmdB5RtMNg
Puerto+Gde.+Arriba,Santa+Ana,El+Salvador	1/__wDV5mbB5SXvKFcIQ
Pulborough,England,United+Kingdom	14/7NTrbFyaA5rnSg
Puntagorda,Puntagorda,Spain	8/PQ3elGiYA5pTiWmEIQ
Puumala,Eastern+Finland,Finland	1/IWVsEoecBp0YcXw
Pwlldu,Wales,United+Kingdom	56/mDDp7ryaA5vH6A
Qiryat+Ono,HaMerkaz,Israel	1/tf3OKFCYCJoQwHvU
Quepos,Quepos,Costa+Rica	51/FQ.rLw2bB5S.eAy9EA
Quinta,England,United+Kingdom	11/lRwH8tSaA5ubmw
Racale,Puglia,Italy	5/4MqPx72eA51c5DA
Ramanagaram,Karnataka,India	106/us2KpqabA5UmP5HS
Ramsen,Ramsen,Switzerland	58/4oQjRDOYA5pFniLWTw
Ramsey,New+Jersey,United+States	14/FBHLhC6bBZtbBoOj
Ranchio,Emilia+Romagna,Italy	44/2mN30SmeA50sV5E
Ranholas,Lisbon,Portugal	13/Tmat3BOeBZr3kvw
Rates,Porto,Portugal	155/Ril3qqOeBZoH04s
Ravenna,Emilia+Romagna,Italy	211/ZEUzdB.eA53JqbY
Red+Bank,Tennessee,United+States	6/H2BoMUWbBZucBq79
Reen,Reen,Ireland	14/wxKmb_ObAZzWfmHzBw
Reeuwijk,South+Holland,Netherlands	16/En8pTXaeAp6ohJs
Renfrew,Scotland,United+Kingdom	562/yaU1u12aAp1Xag
Reno-Tahoe+International+Airport,Reno-Tahoe+International+Airport,United+States	22/7Jpt_T2YA5n_4MziDA XDmwd.mbApmbsYgAsA
Restrepo,Meta,Colombia	3/wiEsqRSaB5RAv9s
Revello,Piedmont,Italy	7/Ukzo2MWeA52in2s
Rhuddlan,Wales,United+Kingdom	6/jTE3dq.aAp7sXQ
Ricasa,Canary+Islands,Spain	1/y86UjCibAZ7mVoe9QA
Ridgewood,Connecticut,United+States	1/rg0J5XGbBZRVMM83
Rio+Negro,Parana,Brazil	35/mTzEmDqdBJqFCrI
Riobianco,Trentino-Alto+Adige,Italy	2/6Adp.ZmbAZ1f36F.Gw
Riposto,Sicily,Italy	27/5LKi2bmeA52CHVo
Riva+del+Garda,Trentino-Alto+Adige,Italy	891/yz2_2IGeA50rNxk
Roana,Roana,Italy	26/TaMSbx.YA5oaH5d4Nw
Roburent,Roburent,Italy	20/dw7P0BubA5nYF7Ps5A 9QDQQq.bAZ0FYdZAxQ
Roccaraso,Roccaraso,Italy	9/ur09oBWYA5rbnSH08A
Rochdale+Metropolitan+Borough,Rochdale+Metropolitan+Borough,United+Kingdom	1/l5E6eJOYA5rv3PFihA
Rochefort,Poitou-Charentes,France	6/y2R023ifAJXmYAI
Rollini,Piedmont,Italy	10/rKbR0AibCJ95DZHclg
Rosenau,Brasov,Romania	18/c5QorOWRBpWcrIY
Rosengarten,Hesse,Germany	2/swIiAW6fCZVVdtg
Roskilde,Sjaelland,Denmark	727/nqYo_2qcBJr.76o
Rosscarbery,Rosscarbery,Ireland	15/coXMKIKbAZz3Zj9KOw
Roughlee,England,United+Kingdom	4/0NM9kuKaAprjaQ
Roydon,England,United+Kingdom	1/0zn9h4GaAprCJg
Rozna+Dolina,Nova+Gorica,Slovenia	1/h29LgHOcBJQ2wbcwUg
Rubelles,Rubelles,France	10/znV0VSiYA5r_4VA.kw
Runham,England,United+Kingdom	6/PMw77teaAps4_w
Rydal,England,United+Kingdom	10/FgwFipeaApR8jQ
Rørvig,Sjaelland,Denmark	14/89WD6JicBJrbhA0
Rüdersdorf+bei+Berlin,Brandenburg,Germany	77/Yk9v1YefCJwg3JU
S+Esteban,Galicia,Spain	33/gVtlx3OeBp3j6gM 45pCWBieBpjJzTk 7.5BCnWeBJTwH54 JOsO66qeBJk4uLY
Saanen,Saanen,Switzerland	4/_yWOHNyYA5rZ44pbXA
Saanich,British+Columbia,Canada	255/ATCNHpCbApiC05KQhQ
Sabadell,Catalonia,Spain	99/K3cLuFOeBp5agl8
Saccone,Trentino-Alto+Adige,Italy	5/n8nMllubAZ34Boy6Hg
Sacramento,Lisbon,Portugal	1/535mG1abAZ1lk.tEFQ
Sadali,Sadali,Italy	1/nOCx3iqYA5oLZBQsaA
Sahagún,Castille+and+Leon,Spain	17/U2z2DTueBp6x.W8
Saintes,Poitou-Charentes,France	1/Y9tJER.fA5zzZWk
Sakae-mura,Nagano+Prefecture,Japan	9/C0T8gG.bBZSJvPTN8Q
Saku-shi,Nagano+Prefecture,Japan	4/fRRaF46YAJ3e8CZ6
Salon-la-Tour,Salon-la-Tour,France	1/UkvqhwCbAZ2g.3lTyA
Salorno,Salorno,Italy	1/yrcVUe6YA5o6jrWPcA
San+Agustín+del+Guadalix,San+Agustín+del+Guadalix,Spain	3/zOD9yoGYA5r4U6SuRQ
San+Antonio,Pichincha,Ecuador	5/UeJtZTaaBpptC_o
San+Carlos,San+Carlos,Panama	1/6ggWS76bB5vP8U6fSA
San+Felíu+de+Guixols,Catalonia,Spain	1/a1XVkGyeBp7rgY4
San+Foca,Puglia,Italy	70/jgieHsOeA56fLuw
San+Giorgio,Emilia+Romagna,Italy	1/mFOfSmieA54yP7A
San+Giovanni+Lupatoto,VN,Italy	1/E82eQ0SbAZ2gFLpHNQ
San+Isidro,Zulia,Venezuela	11/ECxSbFCaCJ.wyOE
San+Jacinto,Buenos+Aires,Argentina	4/xhr_nVOcB5zGqOX.eQ
San+Juan+Bautista+Atatlahuca,OA,Mexico	67/cwsv22acBJXv1f4kXQ _fFbRxmcBJWpMxmhSw
San+Juan+Teotihuacán,Mexico,Mexico	2/A4J53kaYBZ_Deew
San+Justo,Buenos+Aires,Argentina	152/DH.zzpmaAp2FZkM
San+Marcos,CA,United+States	4624/PZowe16cBJWanmxjmA
San+Pedro+Apulco,ZA,Mexico	2/09581xacBJUpEUIIdA
San+Pedro,Andalusia,Spain	2/T6Q53tCeBp.KA70
San+Valentino+alla+Mutta,Trentino-Alto+Adige,Italy	21/hkgMRPmeA5.CGWk
San+Vito+Romano,San+Vito+Romano,Italy	6/pJE9phmYA5qyiCmMuw
Sandsend,England,United+Kingdom	5/YkG.vkOaBZxJ4Q
Sandwell+Metropolitan+Borough,Sandwell+Metropolitan+Borough,United+Kingdom	4/yW6GztCYA5r689nWvQ
Sandwick,England,United+Kingdom	6/BiJMbJ2bAZyoEYtTVg
Sandy+Hook,Connecticut,United+States	8/SBMM4zqbBZRIkKP1
Sandy+Plains,Georgia,United+States	28/zPjWcoSbBZQQf9l0
Sant'Oreste,Sant'Oreste,Italy	4/fxM3TOaYA5odi6L_Qw
Sant'elia,Abruzzi,Italy	1/B9HMRAabCJ.sRDn8Iw
Sant+Bartomeu+del+Grau,Sant+Bartomeu+del+Grau,Spain	1/HRnmoLmYA5ojYTxjkg
Sant+Llorenç+de+la+Muga,Catalonia,Spain	5/h0KbQA.eBp9_sG4
Sant+Quirze+de+Besora,Catalonia,Spain	55/9YjMy9qeBp.nWEU
Santa+Ana,San+Jose,Costa+Rica	10/tJn_PB2cCJqBsQ
Santa+Comba,Santa+Comba,Spain	3/.wu.CO.YA5rnoVw_Wg
Santa+Maria+Dell'arzilla,Marche,Italy	3/V2YAImWbAZ311UGC1Q
Santa+Maria+di+Porto+Novo,Marche,Italy	109/pLlPgeKeA58I2vU
Santa+Perpètua+de+Mogoda,Catalonia,Spain	4/RPKIu5aeBp.CwiI
Santa+Pola+del+Este,Valencia,Spain	7/tr0.Hv.bAZ6DIuN_Og
Santiago,Basque+Country,Spain	1/mXJOFQueBp9iHxw
Santiz,Santiz,Spain	1/HvLu9UGYA5obOQTXEw
Santo+Domingo+de+Morelos,OA,Mexico	38/g2xo1GKcBJUZbZrCMQ vQLbMcacBJUhc9k_Yw
Sapanca,Sakarya,Turkey	6/HJXRgW.bAp.J1rfJ
Saranac,Michigan,United+States	37/iAx7iCybBZS74al9
Saratoga,CA,United+States	1/SruE7amcBJW7qBMGNg
Saratoga,California,United+States	13/EucqZh2bBZRRtDND
Saratoga,Washington,United+States	18/VcTZMPibBZRcRCSZ
Sark,Sark,United+Kingdom	8/3_iM4LKbAptohJUyog
Saubach,Trentino-Alto+Adige,Italy	39/KqR8uwybAZ1K97_x1Q
Scutari,Shkodër,Albania	6/EYA2RLadBp078sE
Sedriano,Sedriano,Italy	2/o1Zrz4iYA5rTlx2ysw
Seneca+Rocks,West+Virginia,United+States	7/8F192S6bBZXwuxMa
Sennen+Cove,England,United+Kingdom	239/X18lr2OaBZ9Zjw
Sete+Capotes,Castelo+Branco,Portugal	92/EyBSUyOeBZTcmIE
Sharpsburg,Maryland,United+States	117/S4PieX.bBZV.VuBP
Shearwater,Tasmania,Australia	2/Tu.ydg6bCZmJcgp17Q
Sheffield+Lake,Ohio,United+States	17/W68Y0OGbBZW9rS6D
Shelford,England,United+Kingdom	1/nByCVhWaBZlfOg
Shenandoah+Junction,West+Virginia,United+States	1/weJ9UjebBZUaMNh_
Shenandoah,Tasman,New+Zealand	2/CnpIyzubApmXC1sX
Sherwood,Wisconsin,United+States	2/sMBffxGbBZUQ3jt5
Shichikashuku-machi,Miyagi+Prefecture,Japan	16/G3j80sqbBZRUhx.djw
Shiprock,New+Mexico,United+States	31/LNXfoNebBZXcA_SR
Shirakawa-mura,Gifu+Prefecture,Japan	39/Cn8tegKbBZSXzy2wbA
Shokan,New+York,United+States	3/WYhNztWbBZUcK0iL
Shoreham,NY,United+States	21/Fx8H1A6bApinizq1bA
Silver+End,England,United+Kingdom	1/8LmgiSaaBZS_aA
Sinemorets,Burgas,Bulgaria	36/qcit4z6RApX0tUg
Skultuna,Vastmanland,Sweden	1/3RQiTDaQAZgaL8Y
Slinfold,England,United+Kingdom	1/gROz9iqaBZUuXw
Slyne,England,United+Kingdom	2/H1thXmSaBJyIYg
Smetana,Texas,United+States	1/146EKp6bBZVCtuUS
Snell,Tennessee,United+States	3/Kw45LoqcBJVqKOGcmQ
Snohomish+County+Airport-Paine+Field,Snohomish+County+Airport-Paine+Field,United+States	22/rEp1usCYA5mwaWHkBA
Snoreham+Hall,England,United+Kingdom	3/tHXSO4ibAZxGlJvVdw
Snowbird,Utah,United+States	58/wLQPiXmbCZ.zKal.1g
Soberton,England,United+Kingdom	13/OqQn6DaaBJ2ohw
Soignies,Hainault,Belgium	1/yAKgbuuQBpsrmjE
Solarolo,Emilia+Romagna,Italy	76/isReWoyeA5hvaMc
Solberg,Akershus+Fylke,Norway	141/03lXkVabAZ14mmfvDA
Somarriba,Cantabria,Spain	17/rGL9D76eBpgyKBU
Sommacampagna,Veneto,Italy	2/p.2QRC.eA5gfXVs
Son,North+Brabant,Netherlands	9/lbPIiAueAp.qkPo
Sonnino,Sonnino,Italy	1/U35JzHObAZ0XnNBEUg
Sonora,California,United+States	6/IOBZBM.bBZVLhblT
Sospel,Sospel,France	1/GKpm9fObA5u8NKN21w
South+Colton,New+York,United+States	1/mfIXmFSbBZX03EtK
South+Lakeland+District,South+Lakeland+District,United+Kingdom	358/A7vmYb6bAZwviW_pKQ 4IFH88mbAZyK2_5PTg 8bJoaziYA5q7vsj6Ww
South+Walsham,England,United+Kingdom	164/qpbsRGWaBJ.v.w
South+Zeal,England,United+Kingdom	14/pyHju0SaBJ9R3Q
Southern+Palms,South+Carolina,United+States	1/mCN44_GbBZVMlswM
Southwest+Ranches,Florida,United+States	119/ruDtqk2bApmFblLE7g
Sovetskiy,Leningradskaya+Oblast,Russia	1/OJVjYdObAJ5nNTly
Spello,Spello,Italy	7/zBZinHKYA5rMQ8OxFQ
Spello,Umbria,Italy	49/uXD7wqmeA5i0bqA
Springfield,Virginia,United+States	3/cVG3g9qbBZWwF32N cou9NRqbBZUob6zP
Sproston+Green,England,United+Kingdom	26/ESbgi.qaBJnjoA
St+Johns,Isle+of+Man,United+Kingdom	1/KFTD3W2cApSTtOo
St-Jean,Picardie,France	2/L6mAWO.fA5j4Qaw
St-Nicolas,Burgundy,France	9/.yGyE3OfA5ppwyc
St-Servan,Brittany,France	31/y2daIBmfA5qAM6k
St.+John,New+Brunswick,Canada	1/fbWXaGmYBJ8F
St.+Paul,MN,United+States	333/mGb0rF2cBJRyfwKrbw zJ93ISqcBJTYX5eilg mqZ9GvWcBJTlQqOhWg ocl2rEabBZnu.HrR 3uUUhpacBJSZ8oYnZQ CnaldimcBJRsd2.WSQ XTdWqjicBJS1JV30kw
St.-Cirgues-la-Loutre,Limousin,France	1/6AgH8RGfA5.6PxM
St.-Dalmas-le-Selvage,St.-Dalmas-le-Selvage,France	1/kg1kBN.bA5sdFJHXng
St.-Jean-du-Pin,Languedoc-Roussillon,France	2/_jpGIMiYBJzdmX0Kcw
St.-Léonard,St.-Léonard,France	16/TjtrrEOYA5qhTFvVlA
St.-Mammès,St.-Mammès,France	1/wuvqB7CYA5ovV3Mr6w
St.-Zacharie,Provence-Alpes-Cote+d'Azur,France	1/gGQswsmfA5skSNg
Sta,Lombardy,Italy	29/8MhjNeeeA5pKTpY
Stadtteil+Karlstadt,Stadtteil+Karlstadt,Germany	47/DozxHY2bAZ2NubW_Bg
Stadtteil+Neulindenau,Stadtteil+Neulindenau,Germany	1/OO5wZMmbAZ2MEkDU3A
Stadtteil+Uerdingen,Stadtteil+Uerdingen,Germany	20/xq5z_QeeAZzWsvI
Stahnsdorf,Brandenburg,Germany	42/1HEWZf2fCJrc8vY
Stanford+on+Soar,England,United+Kingdom	4/LAmkKrSaBJST0Q
Stauning+Vestjyllands+Airport,Stauning+Vestjyllands+Airport,Denmark	9/3ZLyuBeYA5nQzRBd9Q
Ste.-Foy,Quebec,Canada	8/WmCffVydApSY
Steamboat,Nevada,United+States	26/deGHRdabBZURzoCD
Sterling,Virginia,United+States	9/CNRFtq2bBZX0nBRF
Stockdale,Indiana,United+States	33/Vt007dCbBJzo2YgQ
Stockton,California,United+States	1/pnU0O8mbBJzra.FS
Stoke-on-Trent+City,Stoke-on-Trent+City,United+Kingdom	2/WC2oZCaYA5rpXLP0YA
Stoupa,Peloponnisos,Greece	2/xZINtN2QB54.eao
Stranda,Nordland+Fylke,Norway	2/GPuEMQ6cBJSX1Rqi_Q
Stratford-upon-Avon,England,United+Kingdom	1034/C.uGzKCaB5iMyA
Streefkerk,South+Holland,Netherlands	17/OmJZ.wyeAp9TB6A
Sues,As+Suways,Egypt	3/hyPBoCmYBJ6V2.Ny
Summit,Pennsylvania,United+States	6/F2dsaUObCZ_yE19UCw
Sur+Masirah,Ash+Sharqiyah,Oman	1/4.7.mBWbA5ppGzcQ
Suthep,Chiang+Mai,Thailand	30/0ixDMt2cBJVn6jfnrQ
Suzzara,Lombardy,Italy	26/OrZiKoGeA5gMRcI
Swan,Iowa,United+States	2/_HZSIHibBJyujnCs
Syosset,NY,United+States	2/jAzxSBCcBJUcQPaJDA
Sywell,England,United+Kingdom	13/nmDZZ5iaB5TC2w
Sásabe,Sonora,Mexico	3/C8phpriYBZt3_2A
São+Sebastião,Bahia,Brazil	6/T1.oybadB53cuik
Säynätsalo,Western+Finland,Finland	1/rDHmDSmcBp763w4
Tacoronte,Canary+Islands,Spain	2/dgQRq_6eBpm2484
Tahoma,California,United+States	9/PPlKRbmbBJzOYXvW
Tajimi-shi,Gifu+Prefecture,Japan	5/FvQrgLOYAJ3gNYV4
Talarn,Talarn,Spain	1/7_jeh7GYA5q62RBUOw
Tales,Valencia,Spain	4/uFqAMpSeBpnA81M
Talló,Catalonia,Spain	9/xWKcTc6bAZ7riHV.Tg
Talsano,Puglia,Italy	4/q81AgyyeA5gnJrk
Talybont,Wales,United+Kingdom	6/QHjxanCaB5WYnA
Tarbes,Tarbes,France	10/4vULadSYA5pZtW99pA
Tarlton,Gauteng,South+Africa	4/nds7WdqYBJTev66M
Tarpon+Springs,Florida,United+States	108/dSunPkKbBJxs9cOI
Tavoleto,Marche,Italy	841/AsoG7OGeA5ioWSE
Taxiarkhis,Notio+Aigaio,Greece	1/e7T6SoeQB5_AvHE
Taylors+Mill,Georgia,United+States	14/5RFd7p6bBJxCFAKh
Taşca,Neamt,Romania	3/2DSxMZSRCZ0Sh2Y
Teillet,Midi-Pyrenees,France	1/NsbLvAafA5Q8C90
Tel+Aviv,Tel+Aviv,Israel	3487/scXfhfGbA5sTyPqZ1g rRrUY5qbA5vGb8enfg anj22eGbA5spJYuAHg br3rSeqYCJoZgUTn 6cJBEdKbA5sieJj6Rg YBhTnqubA5sR06xq2w At6YItybA5uLZQjfTA s9cZhGObA5tjTvxNRA Y4nrgzybA5s6UHp1nA uLiQdBabA5uzUyoVpw QDttV0CbA5u01TE.ug XY8diVGYCJp_Hj4y xmpv87SYCJrMatkN Th.h2b6YCJo0pQCY 4tky47aYCJqepazi OjpN0naYCJrGFoYT TXq.vd6YCJrNEapS
Teloloapan,GR,Mexico	168/oCg0mLOcBJUOfXlYKw
Templecombe,England,United+Kingdom	2/g8dZ2qOaBpwKpw
Templeomalus,Templeomalus,Ireland	3/87sfKzubAZxXqifzpQ
Tepe,Muğla,Turkey	2/qOOjq1acBJUcYL1Wfg
Teresina,Piaui,Brazil	29/U3.jRXedBJlD0sc
Teresinha,Para,Brazil	1/fFCmeAKdB51Vnfg
Termoli,Molise,Italy	153/QB1DnqKeA5iMR34
Tesero,Tesero,Italy	1/qcGd55abAZ34mjUkjA
Tha+Yang,Phetchaburi,Thailand	2/lXVUZPyYA56f8z8Z
Thaxton,Mississippi,United+States	58/G3pD9H6bBJyj1jtW
The+Hague,South+Holland,Netherlands	79/7mI.qBieA5qbUj0
Thiaucourt-Regniéville,Lorraine,France	1/04XqPUmfA5STnWw
Thoresby,England,United+Kingdom	7/h.BV3F6aBp5hYQ
Tigre,Buenos+Aires,Argentina	502/cKjanUydB5oS1Lk
Tinerhir,Ouarzazate,Morocco	10/pCh4HMaYBJjhe1Bv
Tintagel,England,United+Kingdom	103/WtL1dQ.aBprmUw
Tintinhull,England,United+Kingdom	21/gy.BqdKaBprntw
Tokoname-shi,Aichi+Prefecture,Japan	20/FL1nI8WbCZnZifKICg E0D_vzCbCZlitl7Idg FYjGWnmYAJ3ziSde
Tokyo+International+Airport,Tokyo+International+Airport,Japan	2/EoyJrKObAp.7iQW9Tg
Tonville,Colorado,United+States	14/4KW.VjGbBJxj51Hs
Totana,Totana,Spain	2/aQuLLGCbAZ6pwwpa0A
Totaranui,Tasman,New+Zealand	15/34cZW0ubAplgCQCs
Totland+bay,England,United+Kingdom	17/ZPfWGlqaBpS_vg
Tours,Centre,France	325/vVZb6_ufA5T341c
Tramutola,Tramutola,Italy	2/WymlFqqYA5qsv5X5iA
Transylvania,Louisiana,United+States	36/eNGIJYKbBJxPz0tR
Trapeang+Veng,Kampong+Thum,Cambodia	1/U2BMw0yYAZ54WPDu
Trefor,Wales,United+Kingdom	12/9dilmP.aCZ3RhQ
Trichardt,Mpumalanga,South+Africa	61/77Z.E06YBJRdAZGL
Troina,Sicily,Italy	60/vmUwhWieA5kDvrs
Trégarvan,Trégarvan,France	22/b36I1BybAZ2uCy1Gzw eWdy8IaYA5ooGq8vBA
Trégueux,Brittany,France	7/TWBWJO2fA5UlEOA
Tulungagung,East+Java,Indonesia	12/UvpVFsuYAZjEunBr
Tunkhannock,PA,United+States	2/TOp7pZObBZgo4MHC 5x5YaiubApXed14n
Tunuí,Amazonas,Brazil	3/amnzwcydB510nnY
Turiya,Madhya+Pradesh,India	7/42Fy69SbCJzMN3wFLQ
Turkey+Cobble,Connecticut,United+States	4/EdM7NXabBJzLAsd7
Turku,Western+Finland,Finland	641/5SQyURecBpgek6U
Tutbury,England,United+Kingdom	1/fe8UFi.aCZ998g
Twin+Lakes,California,United+States	1070/x6uvw8abBJwlnKkk
Twinstead,England,United+Kingdom	1/6t8D_S.aCZ8XEQ
Ty-Pic,Brittany,France	1/kb9vdp.bAZ0NbcLW2A
Tyldesley,England,United+Kingdom	2/3FDwoA6aCZgb3A
Töll,Trentino-Alto+Adige,Italy	4/idPgFEKbCJ9d8VWraQ
Uessikon,Canton+of+Zurich,Switzerland	1/t0F.PGObAZ3C5opxnw
Unity+House,Pennsylvania,United+States	7/FFhA3hqbBJ0dDnTN
University,Florida,United+States	3/2i9.i12bAphpLNRLRw
Upper+Coverdale,New+Brunswick,Canada	3/vO7bViObAp.oAp5sHA
Upper+Wanborough,England,United+Kingdom	19/v6oAp5.aCZsKLg
Urbanización+El+Toyo,Andalusia,Spain	1/QDKIMbabCJ824aq1GA
Urbanización+Montecarmelo,Castille+la+Mancha,Spain	4/Bnp2ZJCbCJ8KIO83yg
Ustica,Ustica,Italy	78/txZ73zeYA5p1i50s8A
Uttar+Ranichak,West+Bengal,India	1/91KGyIGbCJxG9gK1Sg
Utuado,Utuado,Puerto+Rico	2/iBkrbdKYB50XYzk
Utvik,Sogn+og+Fjordane+Fylke,Norway	1/7wcNVVaRB5mis3E
Val+Müstair,Val+Müstair,Switzerland	1/qOPCrgmbAZ30Hx873w
Valdobbiadene,Valdobbiadene,Italy	2/hPh.cSmYA5qlhOko2Q
Vale+de+Ferreiro,Porto,Portugal	11/aW0_s56eBZV.60U
Valfurva,Valfurva,Italy	1/4iC6WLCYA5potbql6g
Vallesina,Veneto,Italy	1/PdI.E5abCJ9qD5juSQ
Valleverde,Andalusia,Spain	5/w9c_UdibApjm7_Bwrg
Valparaiso,Valparaiso+Region,Chile	286/16jmeWCaBZWRRB0 e4e.iouaBZRvevQ KJmByH.aBZrjxL8 65ggu8eaBZSVR.o
Valtorta,Lombardy,Italy	9/wmLmkdCeA5ndLYA
Valtorta,Valtorta,Italy	1/_whSCtKYA5oj4HWSbA
Varadero,Matanzas,Cuba	353/8i1_fKifCZi_6g
Varaire,Varaire,France	3/UDfSxRuYA5oblNeamw
Varallo+Pombia,Varallo+Pombia,Italy	129/lwDKEryYA5rTG.Y.5Q
Vejprty,Vejprty,Czech+Republic	16/ALK6uxKYA5o6ix1h8A
Vence,Provence-Alpes-Cote+d'Azur,France	12/dpbSDgKfApymBXE
Viacamp,Aragon,Spain	2/CZYMMnubAZ424Sp6UQ
Viborg,Midtjylland,Denmark	57/ugl.xZ.cBJSIYHg
Victoria,South+Dakota,United+States	2/_gbzOz6bBJ0rwoTt
Vicuña,Vicuña,Chile	343/guubwySbB5trPg0l9Q
Vielha+e+Mijaran,Vielha+e+Mijaran,Spain	12/6VN7wNCYA5r3Q133YA
Vienenburg,Lower+Saxony,Germany	4/TgzTqHWeAZ7nYHo
Vik+I+Myrdal,Vestur-Skaftafellssysla,Iceland	162/h3TJI_ybCZvuEJrNwA
Villa+Ridge,Missouri,United+States	14/fFVMOtubBJ0PSBhh
Villahermosa,Tabasco,Mexico	60/qnlQ356YBJwgv9w
Villenave,Aquitaine,France	2/IkVKUgufA56B_NE
Villetta+Barrea,Abruzzi,Italy	25/famQKp.eA5q6aDQ
Vilnius,Vilnius+County,Lithuania	8847/ukX_kKecBJRr58WheA IRXwAkidBpWdvko 4WMpBnKcBJRaLuh5gQ RtV.dUacBJRIvPJJsQ p4LKaHucBJTVP3JmaQ uHYiU_GcBJTfX.NfGw
Vinchiaturo,Molise,Italy	1/gubaJH2eA5paqaQ
Virginia+City,Montana,United+States	13/wfURBGebBJ0kd_wN
Vishnevo,Smolyan,Bulgaria	1/lYt0SvORBZxnYPA
Vittoria,Vittoria,Italy	73/nRevD7yYA5o0YFHu5g
Vyshkove,Zakarpattia+Oblast,Ukraine	1/Uwd1luOQApTL6B4
Vysoke+Tatry,Vysoke+Tatry,Slovakia	49/_fKXQb.bCJ9lTP.B_g
Vézac,Aquitaine,France	15/vPkQMryfAp1kYD4
Wagga+Wagga,NSW,Australia	5/8ePUOmSbCZkMx8cnng 2_7MvlibCZqR1wHwow
Walden,Colorado,United+States	1/EfC1DyubBJ3Wm8pa
Wallaceville,South+Carolina,United+States	383/pQlV9qabBJ3lxM3G
Wan+Yai,Mukdahan,Thailand	1/4GtKODGYA55KITu_
Wangetti+Beach,Queensland,Australia	4/CknYUJibCZoCibJJfQ
Wappingers+Falls,NY,United+States	1/hjR681ObApglP8zwkA
Warroora,Western+Australia,Australia	13/YHViDhGYAJx_PWTb
Washoe+Valley,Nevada,United+States	9/.XFTNtebBJ1K4udk
Wateren,Drenthe,Netherlands	3/XQqJyOaeApjK3UE
Welford,England,United+Kingdom	33/Q_i9QteaCJiGyQ
Werdau,Saxony,Germany	42/Y8vQKECeAZl_a.E
West+Hatfield,Massachusetts,United+States	31/3_VsAC6bBJ1ATJ58
West+Manheim,Pennsylvania,United+States	18/F3P5j2qbBJ2v7P6U
West+and+East+Lealman,Florida,United+States	5/icd3eXubCZtAPNduzQ
Weston+under+Lizard,England,United+Kingdom	251/ZHi0AIedAZy91g
Wherwell,England,United+Kingdom	8/yi8l6c.dAZ2ijQ
White+City,Saskatchewan,Canada	6/wf.ELwSbApiENvdrjw
White+Lakes,New+Mexico,United+States	1/3tMHR32cBJVaZUbxEg
White+Rock,California,United+States	24/PxgsFdibBJ0EDtQi
Whitehorse+International+Airport,Whitehorse+International+Airport,Canada	4/26iV_M.YA5m7fYGtxA
Whitney,Washington,United+States	43/AssQoIybBJ1G.7g_
Wilkes-Barre,Pennsylvania,United+States	185/5vQxzuqbBJ71rEG8
Willesborough+Lees,England,United+Kingdom	4/_lp8_XGbAZwQHZ2u_Q
Williamstown,Pennsylvania,United+States	2/rE7V2JCbBJ7Lb5sL
Williamsville,Illinois,United+States	18/paWCwAqbBJ4.5I4m
Wo+Shang+Wai,New+Territories,Hong+Kong	2/Inldnr6bAJr6EHzM
Wolseley+Bridge,England,United+Kingdom	17/F3b42j6dAZTcPA
Woltersdorfer+Schleuse,Brandenburg,Germany	10/b0BK9TCeAZv_klg
Woodinville,Washington,United+States	41/yp0RrgybBJ5bRGAh
Woodlands+New+Town,North+West,Singapore	40/fcHfP6qYAZr9vcES
Worthing,England,United+Kingdom	868/9gzoS8.aCJRSUg 7.K0d7qYBZyhcA 7NN9zkSbAJ.C4w CyHUezebBJ1YzQ YKqPO9CbAZw2Zeh1Nw Wa28Xg2aB5XifA .ndPm6udAJ0ZmA
Wringinputih,Central+Java,Indonesia	2382/1y2xXxacB5z9ICsO3Q
Wroclaw,Wroclaw,Poland	49/mE6VdgaYA5q4qZ78Xw
Wärterdorf,Brandenburg,Germany	29/l0I5xfOeAZgDOeA
Yaroslavl',Yaroslavskaya+Oblast,Russia	32/eGKX27WbAJ2YOVng 788T0zibAJ0IoD5f
Young's+End,England,United+Kingdom	5/58qk61WbAZxmLp7ccg
Zacatecas,ZA,Mexico	23/hYsthjCYBJ0TQ0U kou6KLucBJSqkzyoMw xN2uFt6cBJSaq88kTA
Zarten,Baden-Wurttemberg,Germany	3/hkTSATCeAZQbjPI
Zeppelinheim,Hesse,Germany	8/UvK3hOCeAZQEmO8
Zugarramurdi,Zugarramurdi,Spain	20/sKt0aDeYA5q5fUVFUw
Ådal,Syddanmark,Denmark	1/BeHd8R.cBJ15swY
Équemauville,Équemauville,France	2/q6WPvNaYA5rZ_wivDw
Étel,Étel,France	3/_pNYl6.YA5qNtAqnCw
Čačak,Moravica,Serbia	2/wFUaXYGcAp8s098
二湖村,Taiwan,Taiwan	104/kDUDxS.bCZvxsqfwDA
大洲村,Taiwan,Taiwan	3/l6WTZ_.bCZv0LVnPhw
烏來村,Taiwan,Taiwan	3/g3.qPASbCZutuz.UOQ
萊園村,Taiwan,Taiwan	2/fryQkUybCZulG_ySeg
