Abenuj,Castille+la+Mancha,Spain	42/XGiXN6KeBJ02Mm0
Aberdeen+City,Aberdeen+City,United+Kingdom	7/GbY3nQmbAZyYg26EIQ yVBLUYiYA5pGkAUYnw
Achada+do+Marquês,Madeira,Portugal	2/91krVUOeApkMCQc
Acopilco,Mexico,Mexico	2/X5KXptKYAJ2pR2A
Addingham,England,United+Kingdom	4/4P3epUuYAZi7kw
Adell,Wisconsin,United+States	3/FYoVu5ibApnVYNP4
Adršpach,Adršpach,Czech+Republic	7/45UKsDqYA5q0oEC1SA
Agen,Agen,France	2/ok7plsKYA5pF1RWlXA
Ain+el+Beida,Saida,Algeria	1/sEee34eYA5nrCzws
Aire,Aquitaine,France	4/tYrD_P6cBpnrB04
Airlie,Virginia,United+States	55/o1N4w7ybApnOd2At
Alassio,Liguria,Italy	73/uG3qzsOeAZXDfm0
Albacete,Albacete,Spain	44/vyUdzHuYA5qAJXe0ng
Alcalá+de+Los+Gazules,Alcalá+de+Los+Gazules,Spain	17/XRYiO4eYA5oDEWvCzg RVMIrOebAZ5vMOBgFw
Aldinga+Beach,South+Australia,Australia	16/XjzE9dibA5t.q33Oiw
Aledo,Murcia,Spain	1/GdWWoyGeBJ5eYBw
Alghero,Alghero,Italy	160/Hu5L8fObAZyGSeOuGg
Alice+Springs,Northern+Territory,Australia	11/HewHI3OYAZU.R3y1
Alins,Catalonia,Spain	3/5zIpkE2bAZ5Z9QTyiQ
Almissa,Splitsko-Dalmatinska,Croatia	5/5jIBTJWRBZXmpTs
Alston,England,United+Kingdom	31/Cz52cpmYAZqaAw
Alta+Lake,British+Columbia,Canada	480/ipaCOqWQB5lp
Altzaga,Basque+Country,Spain	12/Dy79JeCeBJUoAAw
Alvkarleby,Uppsala,Sweden	60/dGyED.GRCZhZf3M
Amalfi,Amalfi,Italy	6/JcnVvbyYA5oM56Cm9A
Amana,Iowa,United+States	4/WHhtTP2bApncp1zA
Analoukas,Kriti,Greece	1/2QOXgSCcB5w.poyoDg
Anantapur,Andhra+Pradesh,India	1/jdhDDtGbA5VGVQJH
Anghiari,Tuscany,Italy	2/CmSodQWeAJwF0x4
Anglards-de-Salers,Anglards-de-Salers,France	6/c6B6gGGbAZ5KAHxiCw jbWWyRqbAZ7cEaBEcw
Anglezarke,England,United+Kingdom	3/IViwT8CYAZQ0Kw
Anjo-shi,Aichi+Prefecture,Japan	3/lFU9vqubCZkTG7ELUw
Ann+Arbor,MI,United+States	1387/_gvhD42cBJRPhvJRfw UTUm4ZmcBJQJYFDOvA piPnXcCcBJRsrLuZZQ Jkk3r4OcBJSA3mYfMg zQpN6jucBJSXzNZy7Q uCQsvsicBJSpu5KVnA EWVVuimcBJRISFRh8Q FyHBPP.cBJROLEuTxA wk3ZfuGcBJUD1tqh2A uioxN8ScBJQzEn2vyA qWiQa9ObCZ7ZvZ0KKg 8RJiH2icBJSyY1vJJA vV8xui2cBJRUqTB3DQ hNmgPdWcBJWVwG_Cug yxiwKXqcBJTx4dIGSw qSv3ebScBJT3jzXFNQ uVfL.zycBJR3lJSRLw XPsuj9OcBJTm93wQvA LLqZXLScBJTQLpuciw od4PRkGbCZ4rjJtUQA qMyyLp2cBJRjXOFYcQ e_UxCCicBJWc63.tLw I6pzQuScBJR0KpkJng Ci5cEDibCZ6NovceFg I2o8svqcBJTx43t8kQ czJlsTOcBJXabytM6g b3DsISCbBZzawI9u J3LtTUqcBJUMq68F3Q 3ZwsboScBJTWWPbiNA BWKuMficBJUrC8R0TA lxRZIIabCZ5Vtfh60g NT95Z..cBJQli9iB3g L1nVRlecBJQ6Anvdkw yDnJWVqbBZzofR0M zjCVZhOcBJVsIGn3ZA uBVx2VecBJV31rinrw
Annandale,New+Jersey,United+States	2/ZGo4056bApkhQH_V
Anniston,Alabama,United+States	16/ne.XWCabAplkHfUe
Anse+la+Butte,Louisiana,United+States	4/ubVbKdGbApkb0wZR
Anza,California,United+States	1/keTTxeqbApkxXvHH
Aranga,Aranga,Spain	2/8BkTC6OYA5puo.ScBQ
Arc+1950,Rhone-Alpes,France	28/nOEpUESbCJ9.do1kow
Arcos+de+Canasí,La+Habana,Cuba	17/4lptT5ufAZ5fkQ
Areas,Galicia,Spain	9/76FTB.mbCJ9eOc1cCg
Arkona,Ontario,Canada	4/DMPgEMabAp..F0N9PA
Armagh,Northern+Ireland,United+Kingdom	40/FiHY.3edBZiwGQ
Arona,Arona,Spain	42/vdz3_aaYA5ozVYph0Q
Arrington,Tennessee,United+States	15/2svpu6ybAplJDmGg
Ashford,New+South+Wales,Australia	134/bAkUw6qYAZVgJYjG
Atsugi-shi,Kanagawa+Prefecture,Japan	1/.aY_PqGYAJ3VKYmm
Aubry,Kansas,United+States	22/K8.C_0abApmBIdcT
Auburn+Hills,Michigan,United+States	404/fQYxEUubApkbcICF
Auburndale,MA,United+States	4/LBbk25abBJ5IFGrL K67lKq.cBJWQGDY0HQ
Augsburg,BY,Germany	11/.cc5GDybAZ3Ozti0sA TcQKBYSfB5wBX_8 kjw_qrifCJtbMFI
Auschwitz,Auschwitz,Poland	36/pBxz8LabBZnyyjiRbw
Avalon,Victoria,Australia	49/pvEeraubA5smnwH31w
Aveiro,Aveiro,Portugal	220/419wAMueAppzUnQ
Azatavan,Ararat,Armenia	5/kXKlzMObA52QtPMf
Baarn,UT,Netherlands	376/DQa2MPWeAp8bsTM
Bagley,Wisconsin,United+States	4/kvBP.72bApny_i3_
Bagni+del+Masino,Lombardy,Italy	1/AOjkUbmeAJwh8Co
Bahia,Murcia,Spain	3/wiF6t6uYBJwXBTdu.w
Baie+Sainte+Anne,Baie+Ste.+Anne,Seychelles	27/P3l5sPqbBZrOURxljQ
Bakkagerÿi,Nordur-Mulasysla,Iceland	10/KW4eVOuQCZy2CyE
Ballyliffin,Donegal,Ireland	1/mpiLB8KcBJU13CI
Balne,England,United+Kingdom	1/cXJE.0SYAJtNYg
Balocco,Balocco,Italy	1/vMu4LeWYA5phm1N1Aw
Balsta,Uppsala,Sweden	3/vy85zTSRCZn6SA4
Ban+Ko+Tao,Surat+Thani,Thailand	146/uOBj5ieYA5zT9_S2
Bangor,Wales,United+Kingdom	81/W97nYnuYAJtWZA
Barasso,Lombardy,Italy	1/JS5P0WieA5pL.BA
Barbâtre,Barbâtre,France	1/Va7YmNaYA5qdjaeovA
Bardufoss,Troms+Fylke,Norway	1/2HH9xriRBJt16e8
Barksdale,Maryland,United+States	1/SqYdF3ybApnHexq0
Barmby+on+the+Marsh,England,United+Kingdom	5/REdJ.UCYAJSzow
Barrow-in-Furness+Borough,Barrow-in-Furness+Borough,United+Kingdom	29/DwWztECYA5p9WgaetA
Bartlett,NH,United+States	10/L4iTIFqbCZsg2ewKdA _1aSdEebBZTF_mpo
Barut,Opole,Poland	1/Bn4FojebBZVX._zb9g
Baton+Rouge,Louisiana,United+States	16/NLwlpnKbApn2AzTJ
Bearii,Victoria,Australia	2/ga0Y6I6bCZlmUSgJGw
Beattys+Corner,Indiana,United+States	1/iZaF8hSbAppHxLcK
Beaumont,Auvergne,France	44/oeT72uWcBpRue2s
Beaune,Burgundy,France	2/ngeCYOKcBpQOWdg
Beauvoir-en-Royans,Rhone-Alpes,France	91/sTzckQOcBpTHIjI
Beckhampton,England,United+Kingdom	16/cZsdflGYA50Vnw
Belfast,Prince+Edward+Island,Canada	1/TofhIsybAp.uzHUuQg
Bellaghy,Northern+Ireland,United+Kingdom	1/GfLSP6.dBZmNBA
Bellefontaine,Ohio,United+States	1/._LfybGbApqsrKgv
Bellevue,Ohio,United+States	7/Sal9aUKbApq5cuCj
Belmira,Antioquia,Colombia	6/SvA1JlqaB5QlNK4
Belvedere,England,United+Kingdom	14/VJVO0oiYA59eDw 05AgrUibAZy8uAhcoQ
Ben,Ohio,United+States	2/WuxxCDCbApr0JQfb
Benecko,Liberecký,Czech+Republic	2/nm62nIKeCZp5I48
Benicàssim,Benicàssim,Spain	23/fjvlBAeYA5r5Vx3H0A
Benobble,Queensland,Australia	3/FXoBGYKYAZUd.Hlc
Berdorf,Berdorf,Luxembourg	22/WwYDRneYA5kMLzV7aQ
Bergschenhoek,South+Holland,Netherlands	50/xNOx6xieA5txRDg
Bergshamara,Stockholm,Sweden	1/4zZEyNmRCZp69n8
Beton-Bazoches,Ile-de-France,France	3/r798WZ2cBpUbooQ
Bexten,North+Rhine-Westphalia,Germany	1/z_ij_ZCbAZ3MMj6_iQ
Bełchatów,Bełchatów,Poland	66/6Sve5vSbBZkTnUAMHA
Big+Branch,Louisiana,United+States	53/zcTahKybAppOVVph
Bildershaw,England,United+Kingdom	1/ndeOP2mbAZzk6.ppHw
Biltmor,North+Carolina,United+States	44/k8.QClabApq7Wi25
Birchircara,Malta+Majjistral,Malta	5/Hj55EaudCZ98gKo
Birling+Gap,England,United+Kingdom	51/F6gCKvCbAZwUhnjCjw
Birtle,Manitoba,Canada	1/6CWFuqyYA54
Bisaurri,Aragon,Spain	3/qk8b5mueBJgNPzg
Blair+Drummond,Scotland,United+Kingdom	2/0zyAZfqYA5U9LA
Blanchardstown-Coolmine,Blanchardstown-Coolmine,Ireland	21/ftVT1DqbAZxGqKHZYg
Blatherwycke,England,United+Kingdom	15/nG184ieYApygaA
Bobrowniki,Lublin,Poland	1/4NTxtlOdCZrW0i0
Boca,Boca,Italy	10/.v91z8abAZ2bcl5iSA Rhj5b3ObAZyKxIYDkA
Bocca+Chiavica,Lombardy,Italy	2/tDC6hWWbAZ0GBWcwvA
Boccioleto,Boccioleto,Italy	1/P5xONcOYA5q9HdYrMQ
Bolla,Troms+Fylke,Norway	1/8_45BN.RBJsCfW4
Bolton,Connecticut,United+States	42/GdQ9AsmbApqRJhw_
Borda,Piedmont,Italy	1/fQneo7KbAZ0AFSaJGQ
Borinquén,Aguadilla,Puerto+Rico	4/VZ0A3mecBJTdkr6BmQ
Borriana,Valencia,Spain	1/BdHc_ICeBJlJKxU
Bostanji,Istanbul,Turkey	10/WPOhITWbApgUiEVM
Bottrop,NW,Germany	100/y8l1m0WfBZuoY1w iX9Pr32fBZzib3w jPgaEl2fBJvqFmU 9ikxPGCbAZ2VVTTypQ
Bou'i+Seru,Curacao,Netherlands+Antilles	2/IkWO3maYBJ1hHoU
Bourne,Massachusetts,United+States	3/odXjXlObAprWkoHq
Bowen+Island,British+Columbia,Canada	862/REwdkECQBpQh
Boyds+Mill,Virginia,United+States	1/oYnX8q2bAprlQwPk
Bracknell,England,United+Kingdom	238/612b2OKbAZyo8KO0Mw
Branch+Dale,Pennsylvania,United+States	4/KOGlE8ybApoSgJ14
Brandov,Ústecký,Czech+Republic	5/0bT1hCCeCZrtNoA
Braunston,England,United+Kingdom	5/HNMWcOWYApuU3Q
Breckland+District,Breckland+District,United+Kingdom	25/CxGXzf6bAZwDkazVqw UCIIRUuYA5r9V8xf5Q 7CF2A3GbAZxvUBNDBg PulnJa6bCJrsGw
Brignogan-Plage,Brignogan-Plage,France	30/00nz4tKYA5p_TQo0ng
Broad+Brook,Connecticut,United+States	3/FBTvIW6bApptvGeD
Brodenbach,Rhineland-Palatinate,Germany	3/ZlG0.q.fBZ3p7zU
Bronneger,Drenthe,Netherlands	21/1GLHOoieA5SgV5Q
Brooklands+Airport,Brooklands+Airport,United+Kingdom	6/xcQvJ1GYA5lNs1.GLA
Bruges,West-Vlaanderen,Belgium	1195/QfBzbDuQB5thQwc _PX4FUyQB5tHvt0 M.HrtXSbAZxxvNCXhA vPNvkiOQB5ROotw qI8BPwKbAZxBc29BXg vEGRm4ibAZygGOxjBQ
Buch+bei+Jenbach,Buch+bei+Jenbach,Austria	1/yh2viGOYA5pAs_E2Yg
Buck+Hall,South+Carolina,United+States	9/FvIP3BWbApv_h__U
Buenache+de+la+Sierra,Castille+la+Mancha,Spain	1/M7gaMMueBJjDu6A
Buguggiate,Buguggiate,Italy	9/rQuO92ybAZygag3JRA
Buia,Friuli-Venezia+Giulia,Italy	1/88wFNOueAJ182Mk
Bukit+Timah,Central+Singapore,Singapore	149/Azf1lZmbBZsfQNNJmg
Bulbourne,England,United+Kingdom	4/YAh7BZ2YBZiUoQ
Bunker+Hill,Indiana,United+States	1/W.muZTGbApt51Kfy
Burns,Oregon,United+States	3/7Vf_7A.bApt8EIX.
Burradoo,New+South+Wales,Australia	2/QS._mBmYAZXeT4gI
Burstall,Saskatchewan,Canada	7/i.RHSCabA5TK
Bushnell,Florida,United+States	1/7qdKNrebApvcnmRf
Busturia,Basque+Country,Spain	3/0f1vKTqeBJ.t9Kk
Bwlchtocyn,Wales,United+Kingdom	69/SoQ0S3KYBZtHgQ
Béhobie,Aquitaine,France	3/BDv2GHacBpS.tGk
Cabrera+de+Mar,Catalonia,Spain	355/7dlydw.eBpUZ_Qw
Caccamo,Sicily,Italy	15/Aq2PRNCeAJ32fuQ
Cadnam,England,United+Kingdom	1/HM9jm.uYBZTNTg
Caión,Galicia,Spain	11/lnGEq2.bAZ7IRfsiHA
Cala+en+Porter,Balearic+Islands,Spain	7/Dd0tPzmYBJwg8ywyXQ
Calciano,Calciano,Italy	2/hs.FLGuYA5qe3TYbYw
Caldas,Antioquia,Colombia	3/HnhhLFuaB5RJDLc
Calistoga,California,United+States	12/2ny2bkGbAptET_QV
Callow,England,United+Kingdom	3/xQ1wrMyYBZVKTg
Calne,England,United+Kingdom	2/SVtJb2iYBZVMjg
Calzadilla+de+la+Cueza,Castille+and+Leon,Spain	4/c1lrAUKeBJl72fQ
Camaret-sur-Mer,Camaret-sur-Mer,France	122/zvaEK0WYA5pfvccquw s9hXN4afApxDqfA
Camariñas,Camariñas,Spain	9/Jw_QYPeYA5rWeEt9Dw
Cambridge-Narrows,New+Brunswick,Canada	1/d_Rl2RObAp8hrJVZeQ
Camelford,England,United+Kingdom	10/wHNIJ4OYBZU5og
Camp+Mountain,Queensland,Australia	1/B8y0zqiYAZU98_gQ
Camp+Rogers,Georgia,United+States	7/kuOQPCabCZ8Pl3TssQ
Campara,Galicia,Spain	1/OEqnyTieBJnPL2M
Campiglie,Piedmont,Italy	1/GbahRe.bAZ2O_.QF6A
Campo+Croce,Veneto,Italy	3/VTOkr6qbCJ_eoGX5vg
Cancun,QR,Mexico	8/frSbKwOcBJSqT0Td7A
Caol,Scotland,United+Kingdom	2/JKxnu3.YBJwo2w
Cape+St.+John,Maryland,United+States	29/9uyaQgmbApuHGR.9
Capitello,Veneto,Italy	1/FZfEhS6bAZ0LSy7pXw
Capoiale,Puglia,Italy	2/mlAwiiKbCJ.8TLCi6Q
Carantec,Brittany,France	11/htbAQ3OcCZ.XLcM
Carcagente,Valencia,Spain	50/Iyv8HmmeBJrO_04
Cardston,Alberta,Canada	8/RPfOMGORCZ9q
Carimate,Lombardy,Italy	2/wMGlGMqeAJ7mIys
Carolina,Carolina,Puerto+Rico	5/Nl1ndSCYB5xf5rc _UkoROScBJT1f2q10w
Carrigtohill,Carrigtohill,Ireland	15/2gA1oBSbAZx0ZS5oug
Cartagena,Valparaiso+Region,Chile	24/OIlBDT6aBJyQox8
Casale+Piculari,Sardinia,Italy	5/Sm39GaqeAJ4rxQI
Cascade,Illinois,United+States	6/9R0rZImbApvow66R
Castell+de+Mur,Catalonia,Spain	1/FGHvmj.bAZ48Tq9qYQ
Castellón+de+la+Plana,Castellón+de+la+Plana,Spain	25/Hd.c._qYA5oupjwHeA
Castlerigg,England,United+Kingdom	28/aexg.EKYBJ8Xvg
Castrezzato,Lombardy,Italy	26/.ZAnfCSbAZ1O5gM8zg
Castro-Urdiales,Castro-Urdiales,Spain	7/yKeOWvOYA5pZy6_LLw
Catarman,Northern+Mindanao,Philippines	1/k7h4VAKYAJrVcXAy
Cavaria+con+Premezzo,Cavaria+con+Premezzo,Italy	1/fWvizjeYA5qPopo7OQ
Cayey,Cayey,Puerto+Rico	16/sCuIrSGYB5ySEHQ
Cazeneuve,Cazeneuve,France	2/AOk.6YWbAZ3QpTkUPQ
Cedar+Stock,California,United+States	57/EChqy4SbApses7MV
Centerville,Ohio,United+States	2/uiA5rUqbAptCFcRD
Centro+Jaramillo,Chiriquí,Panama	4/GUbypWyYBJlkigM
Cerceda,Cerceda,Spain	10/WCe_gTaYA5qMtphbAQ
Certosa+di+Pavia,Lombardy,Italy	2/4nuOQEueAJ.J55c
Cerveteri,Cerveteri,Italy	34/lemQMFiYA5qIbsmXDQ
Cesenatico,Emilia+Romagna,Italy	96/bjsGwY2eAJ8ScdI
Cetara,Campania,Italy	25/SfnrK.CeAJ8WO7M
Chancellor,Virginia,United+States	2/zfbB7KybApuVugWk
Chania,Chania,Greece	33/XW7UYLCbBZmjIf4BTA
Chapel+Oak,England,United+Kingdom	6/nfRjPEebCZ6sfVxkgg
Chaux,Franche-Comte,France	1/yZIdXfucCZkbhwQ
Cherrueix,Brittany,France	5/bpAorxmcCZmSyQc
Chiang+Rak+Noi,Phra+Nakhon+Si+Ayutthaya,Thailand	26/D3HhXVCcBJWT1W_YbA
Chiareggio,Lombardy,Italy	2/JabsQ2WeAJ_2Aiw
Chillicothe,Ohio,United+States	1/vcpka9ubAptyv_VT
Chincheros,Cusco,Peru	7/ny.rnvSdAZxDmR0
Chinchón,Chinchón,Spain	8/94J8JlCYA5oS6pptQA
Chittagong,Chittagong,Bangladesh	1/sbLHkuSYCJ3pOmzX
Chiusa,Trentino-Alto+Adige,Italy	8/pxyN_VSbAZ0R.PDI4g
Chivres,Chivres,France	2/IW8XIC.YA5qQ2dkvrA
Choi+Hung,Kowloon,Hong+Kong	60/numjiTebBZtezXcvKw
Christmas,Florida,United+States	45/wwX9tuybApSAxXd0
Churchville,NY,United+States	7/AwD3F6ebBJ1ORwBe A_iaKeWbCZsbmJQWzw
Château,Château,France	2/vKpv_qeYA5olMueQ0g
Ciales,Ciales,Puerto+Rico	2/4LlHZDmYB5wRWX8
Ciorlano,Ciorlano,Italy	5/P4o_91ObAZ3CjkK1EA
Citrus+Heights,CA,United+States	6/Iqe1gpycBJSFujEd5Q eMpiNFWcBJS9ZRnr8Q
Civitavecchia,Civitavecchia,Italy	16/CaquhrKYA5qq34VL7A
Cleatham,England,United+Kingdom	3/2RwbhyWYB543Zg
Cliffony+North,Cliffony+North,Ireland	3/r.oevoebAZwTlEftVQ
Cluanie+Inn,Scotland,United+Kingdom	1/bVZmLkuYB5.NPQ
Coadele,Ilfov,Romania	1/7a8f.JuRCZw9wFY
Cock+Bridge,Scotland,United+Kingdom	1/3NFpItSYB5iE.Q
Cognac,Poitou-Charentes,France	1/HbLdbf.cCZrQtiI
Cogne,Valle+d'Aosta,Italy	73/eYGL0vCeAJjABZ0
Cold+Ashton,England,United+Kingdom	11/f84G6aCYB5lpUA
Collias,Languedoc-Roussillon,France	1/y0Z99YecCZq1RNo
Collioure,Languedoc-Roussillon,France	310/ZxOLudycCZrRCAs
Colmenar+Viejo,Colmenar+Viejo,Spain	1/w.8pcNmYA5rA7bTdJA
Columbus,Mississippi,United+States	376/4FH1frWbApTHXIyZ
Concepcion,La+Vega,Dominican+Republic	5/Etga5oueAZ2ZoA
Conception,Missouri,United+States	19/v.0lbk2bApSkuQgp
Condobolin,New+South+Wales,Australia	2/o.nZABGYAJy8IUB1
Consdorf,Grevenmacher,Luxembourg	5/5DKdmaibAZ0UfmQe2A
Cooktown,Queensland,Australia	1/VQjzFSaYAJwXT7yT
Corno,Trentino-Alto+Adige,Italy	1/pyd.vqyeAJgMs0Y
Coronel+Fabriciano,Minas+Gerais,Brazil	1/hMKUKQOdBJWm48Y
Corsicana,Texas,United+States	4/rM_1jc6bApTbEOgL
Cos+Cob,CT,United+States	1/nwHd6G6bBZk.TJMM
Costa+Rei,Sardinia,Italy	41/dTdu2V6bCJ_sG0bmZA
Cotehele+House,England,United+Kingdom	2/p8OY69GYB5UFmg
Counozouls,Counozouls,France	1/YNJ5c2SYA5rZDR4aNQ
Covert,Michigan,United+States	1/XQ0KiGWbApTNQBy4
Crafers,South+Australia,Australia	3/bn48DuyYAZVhCwQM
Crafton,Virginia,United+States	2/QITTOh6bApQtCHmC
Craigavon,Northern+Ireland,United+Kingdom	193/KJiQUc2dBZqBsQ
Crested+Butte,CO,United+States	7/I1oV2vacBJXJLiLNMQ WOcBJ0WcBJXMyTtMaw a4PeWbmcBJV3kbmK_Q cljvq0CcBJVIuNh36A
Croix+de+Rozon,Canton+of+Geneva,Switzerland	1/P_wdAJKYBJw8uN0xDQ
Cuerne,West-Vlaanderen,Belgium	5/2fsfKUOQBp4OyQg
Cuevas+del+Campo,Cuevas+del+Campo,Spain	4/PpPvniOYA5pqyaapfg
Cunit,Catalonia,Spain	18/TW.8s1CeBJSy388
Cái+Bè,Tien+Giang,Vietnam	42/yaRGbQqYA5lz2TvL
Dafundo,Lisbon,Portugal	5/qoqJE76bCJ9KHrMBrg
Daigo-machi,Ibaraki+Prefecture,Japan	30/bxFZ._KbBZs0y9rcyQ
Danesville,Minnesota,United+States	39/PWsFo5qbApTx9b4m
Danville,Pennsylvania,United+States	3/Y9B5nmabApQ4erX0
Darrington,Washington,United+States	17/pto1slKbApQ9u3Xw
Dartford+Borough,Dartford+Borough,United+Kingdom	53/yhw84m.YA5rYBzszxw
Dawlish,England,United+Kingdom	143/obwBMUCYBpWE9w
Denbigh,Wales,United+Kingdom	3/_spkG9SYCZx1BA
Denman+Island,British+Columbia,Canada	12/mrMYSVuQBpvV
Denzil,Saskatchewan,Canada	2/SrHAXj6bAJuw
Derio,Basque+Country,Spain	4/NJ8083SeBJS0OuE
Dervaig,Scotland,United+Kingdom	3/fZWaFFKYCZ0n1w
Desert+View,California,United+States	23/iimXThObApU6so4_
Dharasuram,Tamil+Nadu,India	31/F427YgebCZXRIU7NIA
Dhrimazes,Vlorë,Albania	11/vBuk93CdB5WgQF4
Diamantina,Minas+Gerais,Brazil	2/_RZmUiOdBJt8RVA
Die,Rhone-Alpes,France	65/QJhWZ.WcCZRwLKw
Digermulen,Nordland+Fylke,Norway	37/3h_gj26RBJtwx50
Dillard,Georgia,United+States	5/ly2skjybApUmTefi
Dinas+Mawddwy,Wales,United+Kingdom	3/Y6KM4aqYCZ1ptA
Dingwall,Nova+Scotia,Canada	4/8076Ep2dAZk
Djursholm,Stockholm,Sweden	7/2Tg0HsyRCZRaGys
Dolno+Cherkovishte,Kurdzhali,Bulgaria	12/mc5dQdeRApmrBPc
Domagnano,Domagnano,San+Marino	2/9LrNv2ebAZ1Co73G7w
Donville-les-Bains,Donville-les-Bains,France	66/GrpVCu2YA5o6kcDRgQ
Dorney,England,United+Kingdom	2/_owHBsGYCZ.rVA
Doune,Scotland,United+Kingdom	271/fFM1bweYCZ92Dg
Dover,Wisconsin,United+States	2/UoYt.w6bCZv3tF0SZw
Doëlan,Brittany,France	3/YCIPR5WbAZ15D9XdFA
Drayton+Bassett,England,United+Kingdom	11/YqgT6cOYCZiWHg
Dronten,Flevoland,Netherlands	6/6V46dWOeA5RthC0
Drumgask,Scotland,United+Kingdom	1/zutnNziYCZkhYQ
Drymalia,Drymalia,Greece	17/QCPG24qbBZknxeBhHg
Duke,Oklahoma,United+States	15/qeAG1IKbApU7OnWO
Dumbarton,Scotland,United+Kingdom	44/7YYGn.6YCZokUA
Dumplin+Mill,Tennessee,United+States	2/.PsS1XCbApV.GVm_
Duncan,Iowa,United+States	1/HX08YXqbApV4MLo5
Duncannon,Wexford,Ireland	14/80gu6nOcB5zfyJM
Dundee,Michigan,United+States	133/wCeuZGubApVIi0k3
Dunfee,Indiana,United+States	2/Ym9sUUObApWOdFDx
Dungannon,Northern+Ireland,United+Kingdom	6/RqUWpAydBZuMAA
Dunquin,Dunquin,Ireland	23/nSyankybAZzDgR38eQ
Dunton+Bassett,England,United+Kingdom	105/1.OgOySYCZs9FA
Dunvegan,Scotland,United+Kingdom	62/xJjJ8VCYCZt96Q
Duµanovac,Beograd,Serbia	1/C0FO6DCcAp8eDv0
Dwarka,Gujarat,India	4/wwrTPAybA5Xmo_uf
Easington,England,United+Kingdom	4/Ta2YBuKYCZSIWQ xGkc6ceYCZQQZw
East+Stoke,England,United+Kingdom	4/muorDmOYCJwrVg
East+Tawas,Michigan,United+States	1/nAbu4gObApX4EPwb
East+Walpole,Massachusetts,United+States	18/6NHDWrybApXAKbi0
Edievale,Otago,New+Zealand	1/pfODyrWbApgo3Uft
Eenum,Groningen,Netherlands	1/Cc86kxGeA5TXpvA
Eikske,Limburg,Netherlands	1/OyNuVM.eA5XlYa8
El+Algar,Valencia,Spain	2/AanzY7KbCJ_i593Kug
El+Bruch,Catalonia,Spain	19/2dtcLEWeBJWswW0
El+Cafetal,El+Cafetal,Venezuela	3/F_mrz4ebB5TpyEJ9Ag
El+Calafate+International+Airport,El+Calafate+International+Airport,Argentina	21/Vux93KmbBZlMrdGVFA
El+Chorrillo,San+Luis,Argentina	3/EP0HmdWaApxp6CM
El+Naranjo,Tamaulipas,Mexico	2/5EClV66YA52eB3M
Elda,Elda,Spain	17/oszjzm6YA5rDQgfwSQ
Elifelet,Hazafon,Israel	2/SdmaNAuYCJp2q3q8
Els+Arenals+del+Sol,Valencia,Spain	5/q0K5fYibCJ.3nTlgqg
Els+Muntells,Catalonia,Spain	13/EEDAAj2bAZ4Xu7QPXA
Encinas+de+Esgueva,Encinas+de+Esgueva,Spain	1/R2stVNOYA5refCl21Q
Engenho+do+Ribeiro,Minas+Gerais,Brazil	1/7.zQI3qdAp1_I9Y
Enseada+de+Brito,Santa+Catarina,Brazil	1/BQdZ8RSdBJUSR2k
Entwistle+Station,England,United+Kingdom	11/ZsH0LQGbAZw5ahQqSA
Epe,GLD,Netherlands	2/uTJ5t_CeA5Qa4aQ
Erlau,Eger,Hungary	147/saIRQaWRAZnTHx0
Erlauf,Lower+Austria,Austria	128/3OVJ7O6cBZ2fRKo
Es+Mal+Pas,Balearic+Islands,Spain	2/LyB6AOmbAZ5KLeIjMQ
Eskije,Anatoliki+Makedonia,Greece	8/w.pKOxuQBZXHwaE
Esopus,New+York,United+States	1/ohKKsn2bBZyUoDCs
Essen,North+Rhine-Westphalia,Germany	22/Lg4TfFSfBZSA5KM
Esso,Kamchatskaya+Oblast,Russia	1/5JkPYx2bAJ7pPpfu
Esterillos+Este,Puntarenas,Costa+Rica	4/nFbYvBycCZ_y_A
Estoher,Estoher,France	1/ii3bSt2bAZ4lkPGQYg
Etxalar,Etxalar,Spain	25/Cyu7PbuYA5oWxlVbBw
Exminster,England,United+Kingdom	5/972AeKeYCJtuig
Fairford,England,United+Kingdom	617/8xSwrkKYCJSelg
Fairmont,California,United+States	62/EzG8.BSbBZzlhLtp
Fall+River,Massachusetts,United+States	236/gaTNsFWbBZw1WVPd
Fano,Marche,Italy	618/b3MGn8yeAJkNQOU
Faran,HaDarom,Israel	2/2jJ6nyqbA5t1W_J7Jg
Farindola,Farindola,Italy	20/SgdSjPyYA5r6GjQK3A
Fatehpur+Sikri,Uttar+Pradesh,India	72/DdQ7qJObA5WR2tM8
Feltre,Veneto,Italy	2/t81egR6eAJl.CMs
Fenestrelle,Fenestrelle,Italy	4/75ByrOGYA5oWG3.jJg
Fenestrelle,Piedmont,Italy	4/2jHe2DieAJnoC5c
Fforddlas,Wales,United+Kingdom	1/4h9UCUqbAZ1p6A
Figueira+do+Guincho,Lisbon,Portugal	6/9ojF1iCeBZ02Ldg
Findo+Gask,Scotland,United+Kingdom	1/JKsBt2abAZyJGCL4Xg
Fingal+Bay,New+South+Wales,Australia	1/aFOo9i2bCZqqvKP5Lw
Finnkroken,Ostergotland,Sweden	1/nZFB606RCZXMrvg
Fishers+Landing,New+York,United+States	1/MWzviU6bBZwCkrbl
Fiumefreddo+di+Sicilia,Fiumefreddo+di+Sicilia,Italy	1/svODa6CYA5pfyik0ug
Fleet,England,United+Kingdom	37/W1Jm6wGbAZ6gAg IO3gz7qbAZ515w
Florida+City,Florida,United+States	15/7.7BqNWbBZxJ.Qh6
Florida,Buenos+Aires,Argentina	78/Hbx8OXidB5ms6Kk
Fontanelice,Fontanelice,Italy	1/JEDLrL2YA5pvs6aGVQ
Fontvieille,Provence-Alpes-Cote+d'Azur,France	1/Efy4PSWcCJ19734
Forest,Channel+Islands,United+Kingdom	69/Lm7lpxGbCZS6_P.ABQ
Foresters+Falls,Ontario,Canada	409/BFGtFjCbAp_jNIsJ9g
Fowlerville,Michigan,United+States	2/UEgFC86bBZzdUGnB
Foz+de+Sousa,Porto,Portugal	27/rwkDta6eBZ3Ez3M
Francestown,New+Hampshire,United+States	2/idYrgH.bBZyQ_cy_
Fraser,Michigan,United+States	18/XM2olDebBZxKwxqz
Frog+Lake,Alberta,Canada	3/RmXrrs.bApgqxnhI9g
Fruitvale,California,United+States	7/urfefkebBZwVWA7J
Fruitvale,Washington,United+States	1/JJVaup.bBZyqWSkq
Fuengirola,Andalusia,Spain	351/DUuOrweeB52Pa20
Fuente+la+Higuera,Valencia,Spain	1/e2oibQmeB51hrwg
Fulletby,England,United+Kingdom	1/8DSQCO.bAZuAug
Furth,BY,Germany	13/WU4MWPyfCZl1eaU
Fábrica+Azucarera,Aragon,Spain	1/MelTXCKbCJ9K0l_Y7Q
Fülme,North+Rhine-Westphalia,Germany	1/SIAi772fBJ2NhlE
Galway-Cavendish+and+Harvey,Ontario,Canada	72/WlsB6_SbCJ_H0ebWMw
Gamleby,Kalmar,Sweden	1/7Mz7Bd.RCJzfLVU
Gammelstaden,Norrbotten,Sweden	10/eeEOTPORCJy6Lyw
Gate+Helmsley,England,United+Kingdom	6/9Q4Ex8ebAZXGjw
Gayton+Thorpe,England,United+Kingdom	4/mNYY4RabAZVPhw
Gemeinde+Bad+Harzburg,Gemeinde+Bad+Harzburg,Germany	28/.Gu3PHuYA5pLFBAVjA
Gemeinde+Bayrischzell,Gemeinde+Bayrischzell,Germany	1/DcnegvKYA5o2pa7xpQ
Gemeinde+Buchenberg,Gemeinde+Buchenberg,Germany	1/D1.kIJ2YA5qyqVvEFg
Gemeinde+Bückeburg,Gemeinde+Bückeburg,Germany	28/_JL4_RaYA5rZ4lPxfA
Gemeinde+Erkner,Gemeinde+Erkner,Germany	52/QmQ38d2YA5rB0_PXaQ
Gemeinde+Erlangen,Gemeinde+Erlangen,Germany	53/dJmRCheYA5rnhwtXqg
Gemeinde+Kevelaer,Gemeinde+Kevelaer,Germany	4/JXXZye6YA5rcevggSQ
Gemeinde+Langeoog,Gemeinde+Langeoog,Germany	8/k8w6lMaYA5qZvtZZTg
Gemeinde+Laußnitz,Gemeinde+Laußnitz,Germany	1/3eonIZiYA5qquDrs1g
Gemeinde+Porta+Westfalica,Gemeinde+Porta+Westfalica,Germany	4/CnPtFUOYA5rEDX_QEg ebebJTKbAZ2VMZ.1RA
Gemeinde+Rodewisch,Gemeinde+Rodewisch,Germany	43/IS2T2v.YA5oi0DdzVg
Gemeinde+Rötha,Gemeinde+Rötha,Germany	92/ObibskOYA5rdmVsV4w
Gemeinde+Sauldorf,Gemeinde+Sauldorf,Germany	1/53VpiPqYA5pJQpZ2Cw
Gemeinde+Schellerten,Gemeinde+Schellerten,Germany	1/ClDoc22YA5rqyG3fwQ
Gemeinde+Ulm,Gemeinde+Ulm,Germany	11/7oOWQTGYA5qAN3rAGg
Gemeinde+Urbar,Gemeinde+Urbar,Germany	1/Qf0HFI2YA5o5wowxNQ
Gemeinde+Vallendar,Gemeinde+Vallendar,Germany	6/2TjvxcmYA5rOriJ5fg
Gemeinde+Wisch,Gemeinde+Wisch,Germany	2/jgyakMeYA5rJ8ozxvA
Gemeinde+Wolfersdorf,Gemeinde+Wolfersdorf,Germany	3/l0NHip.YA5qMIzVaxQ
Geneva,Nebraska,United+States	4/EBbktR6bBZzNOqwr
Genoa,Colorado,United+States	8/0RWjs2qbBZxZUA9X
Georgetown,Maine,United+States	9/PePYxpabBZzYhGzN
Geraldton,Western+Australia,Australia	4/kV4Co.qYAJz3jwbp
Gesher,Hazafon,Israel	1/nt3H6QmYCJoxgGWy
Gibraltar,Gibraltar,Gibraltar	257/rUrOfP6dBp7aaxM
Ginasservis,Ginasservis,France	10/ZD797POYA5rihCG_Kw
Glacier,Washington,United+States	167/0uR7EkqbBZ202dO1
Glencolumbkille,Donegal,Ireland	3/HsK6WqucB5wteY0
Gniewino,Pomeranian,Poland	52/hZGbuUOdCJ_0jSo
Gonen,Hazafon,Israel	2/Qvlw1lOYCJpfS5.y
Good+Hope+Lake,British+Columbia,Canada	15/RifvYpibApj8G4N6yw
Gorno-Altaysk,Altay,Russia	53/f9Lk9SabAJ4._doM
Governador+Valadares,Minas+Gerais,Brazil	18/ZgAszHudBJljZo0
Graglia,Graglia,Italy	3/MvSgHfeYA5qq9rkzCg
Grand+Marais,Manitoba,Canada	2/497WsXSbApgYKK0NRg
Grandfather,North+Carolina,United+States	337/752iDUWbBZ1oSLgO
Grants+Pass,Oregon,United+States	57/6.jh046bBZ2djBjh
Granzin,Mecklenburg-Vorpommern,Germany	2/JLIL_zifBJ_EY.M
Grassy+Lake,Alberta,Canada	2/sY7ukuuRCZ3B
Grazzano+Visconti,Emilia+Romagna,Italy	4/wzabZZeeAJpxbWE
Green+Valley+Lake,California,United+States	2/J.PgS2.bBZ012I3X
Greenwich,CT,United+States	20/5w8SslmbBZTfEDDC
Gregory,Western+Australia,Australia	1/yUJizFCYAJyhHs2H
Grenada,California,United+States	8/f97HmyabBZ0NhxfK
Gricignano,Tuscany,Italy	3/YUwhJS.eAJr8u2c
Groitzsch,Saxony,Germany	1/XoPc1qafBJj.ulA
Großweismannsdorf,Bavaria,Germany	2/bdLUFlGfBJmY0pw
Guardamar,Valencia,Spain	324/1cumI2GeB53VqaE
Guatapé,Antioquia,Colombia	2/9CrBPIWaBJoIuiY
Gulács,Szabolcs-Szatmár-Bereg,Hungary	4/1fUDLeiRAZug8mU
Gute,Gotland,Sweden	2/4p5lzBebAZ2SgIuSbw
Gállico+Marina,Calabria,Italy	268/yGd9a.WeAJmcYVI
Halaula,Hawaii,United+States	2/j0nyyNKbBZ1hyn0O
Hamelin+Bay,Western+Australia,Australia	2/XykbcJ2YAZW6U5Vj
Hamilton,Tasmania,Australia	1/gfDGEsWYAJxbVvNd
Hamm-Nord,Hamm-Nord,Germany	1/3P5.kgibAZ0PwAI_2w
Hampton+Beach,New+Hampshire,United+States	13/_Lj9B7ObBZ3qw4qJ
Harding,New+Jersey,United+States	1/uD5ErpubBZ1ZTy3G
Harrington,England,United+Kingdom	3/0TjZQL6bA5nh4Q
Harrington,Georgia,United+States	9/tOTr0bqbBZ17GrxR
Hart,Bayburt,Turkey	2/4qad8lmbApyG0gEN
Hartwell,Georgia,United+States	28/HgYNjjmbBZ2ZH0Rs
Hatirdia,Dhaka,Bangladesh	8/GT0UxZSYCZUOaVpn
Hays+City,Texas,United+States	12/3pEU3AKbBZ3LIoAh
Hayton,England,United+Kingdom	3/CleDhmubA5ucwQ
Heckingham,England,United+Kingdom	1/hR1FlJ.bA5Ut7Q
Hedge+End,England,United+Kingdom	4/1d8cNbSbA5UWmg
Heiligenblut,Heiligenblut,Austria	8/u5ZH1A2YA5qY4e1bxw
Heinola,Southern+Finland,Finland	7/UKw1ScWcBpgPSgo
Helendale,California,United+States	2/aDU1uAWbBZ0_Xuom
Herm,Herm,United+Kingdom	73/xZyh0PKbApsZu4E0nw
Herrera,Andalusia,Spain	2/SZKPPAueB54.Kj4
Herston,Scotland,United+Kingdom	1/KEUw_KabAZx2P0hr2A
Hierissos,Kentriki+Makedonia,Greece	1/EVyjr_eQBJyuWck
Highvale,Queensland,Australia	1/EGFaeXGeA57wsw3Y
Hillsboro,Wisconsin,United+States	7/BbbjxvqbBZ7prcfw
Hinterzarten,Baden-Wurttemberg,Germany	21/UFDtCtyfB5zPXMI
Hipólito+Irigoyen,San+Luis,Argentina	3/_xFrRgidAJVmQds
Hix,Georgia,United+States	3/laq7fXebBZ5cEGVa
Hodgeville,Saskatchewan,Canada	10/IFYMz6ebAp2O
Hogdalen,Stockholm,Sweden	41/cjSi282bAZ2Y.u_zGA
Holicong,Pennsylvania,United+States	1/RoCkb4GbBZ5CQDBo
Hollister,California,United+States	26/2baxEpGbBZ46Eg.6
Holywood,Scotland,United+Kingdom	1/OEd9qO6bAptJLA
Hoo,England,United+Kingdom	1/XSUTsXmbApQFqA
Hook+Moor,England,United+Kingdom	9/eqxcSwObApROfA
Hornby,England,United+Kingdom	1/g644K8CbApQq3Q
Horndean,England,United+Kingdom	48/khX4vLabApXPkQ
Houamuang,Houaphan,Laos	5/up4h3vOYAJ9h.aH_
Houten,Utrecht,Netherlands	170/fJJiDVCeApyXYZY
Huddle+Mill,Tennessee,United+States	9/tg3ResabBZ4kFPKU
Hunlock,Pennsylvania,United+States	14/_XB1G5WbBZ64RWYz
Hury,England,United+Kingdom	34/ew.wUs6bBZ68yA
Ierissos,Kentriki+Makedonia,Greece	2/RT2u9gWQBJwJMG4
Imara,Vlorë,Albania	6/tND55sydBpxoy3k
Imlay,Nevada,United+States	1/2QZObDGbBZ73qAv.
Inashiki-shi,Ibaraki+Prefecture,Japan	3/06bCcgObCZ_L94UP4g
Indian+Rocks+Beach,Florida,United+States	27/AEXFiFybBZ526X3q
Ingomar,Pennsylvania,United+States	2/FudFzmGbBZ69wGii
Inman+Valley,South+Australia,Australia	5/6XUgZiKYAZXXHEv.
Inverkip,Scotland,United+Kingdom	9/xe0ABxubBZgRcg
Inwardleigh,England,United+Kingdom	2/2mGBdPqbBZmKQw
Iquique,Iquique,Chile	8/L8Dat4SbB5u3vXim3g
Irumbai,Tamil+Nadu,India	1271/tR3Mtj.bCJxYt8Braw
Is+Bangius,Sardinia,Italy	23/EF1PT2qbAZ3y6jCxGA
Isole+Tremiti,Isole+Tremiti,Italy	15/KKWwzhqbAphjw3gyMg 90FNv2.eA54Hs.0 7YUT4ceYA5rT0EOfHA
Isole+Tremiti,Puglia,Italy	1/_drd0n.bAZ32cHrHew
Ispra,Lombardy,Italy	1/6wQ9iZieAJoKu10
Istres,Provence-Alpes-Cote+d'Azur,France	1/D12ULO2cCJmOYvE
Izumi-shi,Osaka+Prefecture,Japan	41/EJkjuKObCZm.jsc2mw OSfuPnqbCZn5qw1E9w 9Jw7lsabCZnvT804Yw V7GRVoqbCZmy9DIdyg 3cSrJrybCZkviRho1Q ahPxsVKbCZlAuasB7Q sPxxCmGbCZmBkxeLYg ZLgPnWGbCZlkuBq_Lg TslzZKOYAJzX9Zf9 p8WPS12bCZlIXOSkkA 6RxNxVObCZmTXCs1MA _Cu4ToSbCZnXO6_wZw MhUA.fubCZmPt2PxsA
Jaca,Jaca,Spain	2/Eey8eziYA5q_EME6FQ
Jacaraci,Bahia,Brazil	12/1ECEYASdBJUxGp8
Jacksonville,Oregon,United+States	2/S3Zxhk2bBZ6LZ5QT
Jaipur,RAJ,India	67/rrtvM4ucBJU0.j6zVA zZRtvkycBJVpeFQ7oQ bTEpsSucBJX8suoTZg inka.PKcBJWaqHDrPg Bc5zSnucBJWdYYjFAw
Jauá,Bahia,Brazil	3/01LR2iWdAprzF90
Jean-Talon,Quebec,Canada	14/HYYqRu2bCJ_gDc4C3A
Jehay,Liege,Belgium	139/iOoQJW.QBp1ExhY
Jianshih+Township,Jianshih+Township,Taiwan	209/czJd8M6bA5WfUrhT
Jims+Camp,California,United+States	10/2.EqzDmbBZ4UA7BS
Jore+Bunglow,West+Bengal,India	10/jW4_JMGbCJwqbEFyXg
Jublains,Pays+de+la+Loire,France	1/y4zDAaWcCJkpmRg
Julich,North+Rhine-Westphalia,Germany	12/9mpOdkmfB5gEHsI
Juslibol,Aragon,Spain	5/QVULIryeB56vOkU
Kalajoen+Hiekkasärkät,Oulu+Province,Finland	37/WHHjugqbBJVjRkhpMg
Kalden,Hesse,Germany	242/jdVh6Q6fBZ604ps
Kampen,Schleswig-Holstein,Germany	3/YOs.cOCfB5gKoRk
Kampong+Kepayang,Perak,Malaysia	1/crFgNEGcB5xV7QAtOw
Kampung+Pantai+Cinta+Berahi,Kelantan,Malaysia	14/SmpTAxmYAJkrQm0K
Kanana,North-west,South+Africa	24/hsuANkiYBJT4Lspj
Kaneohe,HI,United+States	230/_LLF8fCbApnpZh3b hh9bRKybCZvy3QI4ZQ CpncbQecBJXQ60Z0tA .wvTum.bBZ0TNYZb
Karaj,Tehran,Iran	71/gYW2VeybA5j07FyT
Kawagoe-cho,Mie+Prefecture,Japan	1/fSn..pSbBZQDhF1bOw
Kazan',Tatarstan,Russia	28/lPRbSrSbAJ7FIh1E
Kedawang,Kedawang,Malaysia	4/xzaEKl6cB5whYNiRbA
Kenyatta+University,Nairobi+Area,Kenya	20/tCEuP7GYAZo2Gewqag
Kernersville,NC,United+States	20/6emj8rWbBJyH5EBL _zr34eObBZ1IllR5 RhypICebBZ55JX1H
Ketzin,Brandenburg,Germany	15/a2gtXYefB5kd3AY
Kharkiv,Kharkiv+Oblast,Ukraine	141/_3YmDUGQA577DzA
Kielce,Kielce,Poland	11/fjIohI.YA5okacuc.w
Kievitsnest,Overyssel,Netherlands	221/YzRpsZSeApzIvf8
Kilcunda,Victoria,Australia	16/6z0NwrCYAJzVnc.C
Kill+Devil+Hills,North+Carolina,United+States	16/nADO3eGbBZ8_BSu1
Kilpeck,England,United+Kingdom	160/kr0.Mc2bBJwr9Q
Kiosk,Ontario,Canada	514/jDE_rpWaApwo
Kirchgellersen,Lower+Saxony,Germany	26/w9Ng8yCfB5lT0JQ
Kirtlebridge,Scotland,United+Kingdom	1/YHQtMJObBJj_uw
Kisauni,Coast,Kenya	4/iX3sY8KYBJ6qJcsZ
Kiskunfélegyháza,Bács-Kiskun,Hungary	31/5p82096RAZXOPto
Klågerup,Skane,Sweden	7/KbaCvsuRCJmk8.4
Kobylany,Lesser+Poland,Poland	1/IytWRRadCJWpsZM
Koli,Eastern+Finland,Finland	9/tCZ42hGcB5s_a9g
Konstanz,Baden-Wurttemberg,Germany	143/0Cb0BMCfB5TOZoY
Kos,Kos,Greece	5/7sw2q8ibBZlG2W0DDA
Krasnobród,Lublin,Poland	51/fZmwwnGcAZ6jEEQ
Kumara,West+Coast,New+Zealand	1/szcs68SbApgTZDJD
Köyceğiz,Muğla,Turkey	87/QJK4ZPSbApj2CKeK
La+Barge,Wyoming,United+States	1/Q12dLVObBZ.zFEGg
La+Baronia+de+Rialb,La+Baronia+de+Rialb,Spain	57/RtWUajuYA5qFeFC._w i_1dwDWbAZ7TQkHYQA
La+Boquilla,Bolivar,Colombia	13/8tRhFx6aBJT9XB0
La+Falda,Cordoba,Argentina	1/NjFcj3maAp4cKy4
La+Marmorata,Sardinia,Italy	6/y9Co6PmbAZ3O1X_LEQ
La+Melgosa,Castille+la+Mancha,Spain	12/.Chii.WeB59TAe0
La+Mirada,California,United+States	3/49jFwWybBZ8LfQ._
La+Oliva,La+Oliva,Spain	27/gtdmkBibAZ5l.f8fgg
La+Prée-Mizottière,Pays+de+la+Loire,France	6/OVZcJg.bAZ3xvLC78w
La+Richardais,Brittany,France	3/3AiUmgCcCJVS8hA
La+Rodonella,Catalonia,Spain	1/KCfu39.bAZ5OIgdcjQ
La+Roquebrussanne,Provence-Alpes-Cote+d'Azur,France	5/1Pa3gzmcCJV4oC4
La+Tapatía,Coahuila+de+Zaragoza,Mexico	3/HukwMjmYA5Uzc38
La+Thuile,La+Thuile,Italy	1/QqRPkG2YA5pAxn2PHw
La+Truchère,La+Truchère,France	37/YsTR8RKYA5rzNSe_Tg
La+Turbie,Provence-Alpes-Cote+d'Azur,France	3/FbDK9gKfAZxdNMU
La+Veta,Colorado,United+States	13/VVGJJx2bBZ8rfFrC
Labadie,Missouri,United+States	6/Iq.S.5GbBZ_qQYhZ
Lac-Supérieur,Quebec,Canada	18/FVB5sCObAp.ayvAPKQ
Lafayette+Regional+Airport,Lafayette+Regional+Airport,United+States	103/WFoURIiYA5m9vh3dTQ
Lage+Zwaluwe,North+Brabant,Netherlands	9/99TuL1yeAp0ZbMQ
Lago+Epecuén,Buenos+Aires,Argentina	20/aHh_a8adB5l8Fnc
Laguardia,Basque+Country,Spain	6/PJU02_ieB5je2pU
Laguna+Woods,California,United+States	2/rNlZnFmbApiPCLBouw
Lake+Crystal+Farms,Virginia,United+States	207/29UZLr2bBZ_OfKKo
Lake+Ellen,North+Carolina,United+States	4/aUEd6K.bBZ.LHH9V
Lake+Oswego,OR,United+States	96/drn.CKWcBJQkY94hYg bRZppNucBJQ68TZ_xA
Lakeview+Junction,California,United+States	41/YdIDnd6bBZ_lWC9.
Lancaster,Tennessee,United+States	3/WL8arLebBZ8CTKPJ
Land+O'pines,Virginia,United+States	1/11059GSbBZ93WQ2U
Langenbogen,Saxony-Anhalt,Germany	1/KHSDt66fBpwePxc
Lansdowne,Pennsylvania,United+States	19/7QVJLbebBZ.sLHUc
Lasso,Cotopaxi,Ecuador	4/5kMSXD2aBprjzjk
Lavacco,Louisiana,United+States	5/B5BmDJ.bBZ_7vvKq
Laxou,Lorraine,France	22/Jzo7rFCfAZ37pWQ
Lazaro+Cardenas,Quintana+Roo,Mexico	11/T1nPQeuYAp21Uww
Le+Havre,Le+Havre,France	8/JCqaBluYA5o_ukdp8Q
Le+Pouliguen,Pays+de+la+Loire,France	1/WQhgi6GfAZjATG8
Le+Rozier,Le+Rozier,France	13/ugVHYTKYA5q5rfisnw
Ledbeg,Scotland,United+Kingdom	1/Xf_CMKibB5zJTw
Leith+Hill,England,United+Kingdom	12/a01KU7ubB5yXgw
Les+Abrets,Rhone-Alpes,France	2/RwY1qgKfAZlgERw
Les+Anses-d'Arlets,Marin,Martinique	6/250kH0CYAJwMNy8
Les+DEUX-ALPE,Rhone-Alpes,France	28/WYMsn16bAZ5BeTdMLg
Les+Sauvages,Rhone-Alpes,France	13/Dg5JW2GfAZvmNp0
Letino,Campania,Italy	1/X9MV_dGeAJvPezk
Levera+Development,Saint+Patrick,Grenada	10/tR4HjcqRAZ99cg
Libava,Liepaja,Latvia	149/CNDEi2GRBJ9xor0
Liberty,Texas,United+States	1/0mMw5Z2bBZ.4bPGh
Ligny,Centre,France	3/Ic8UBVOfAZTb7H0
Lille,Lille,France	1/qwJuahCfAZ9R2Rk
Lindlar,North+Rhine-Westphalia,Germany	44/sB6B1kyfBp6xK2A
Little+Heck,England,United+Kingdom	4/P_FAD5CbB5lnfQ
Liverpool+City,Liverpool+City,United+Kingdom	12/DqUNfsuYA5okYwbbgA
Livinallongo+del+Col+di+Lana,Livinallongo+del+Col+di+Lana,Italy	33/pImc6kybAZ0iu1AViA Y_Ha.i2bAZ0sJ9GVrA WbCBXmebAZ1zcVx0QA 4AkFxjCYA5rtHLZlfg
Lizy,Ile-de-France,France	1/XZFLvuufAZT7lAE
Llagostera,Catalonia,Spain	7/lGtY4rueB5m3I6o
Llaneglwys,Wales,United+Kingdom	5/qNCs3OWbB5RzFg
Llangelnin,Wales,United+Kingdom	19/QKzfdjKbB5VwJA
Llanquihue,Los+Lagos+Region,Chile	11/RhZprjqaBJzR.co
Llobera,Llobera,Spain	2/2arx6fqYA5qqZfWZcA
Loarre,Loarre,Spain	1/rJ0rhXiYA5pochTLYQ
Loburn,Canterbury,New+Zealand	1/L9QtYHCbApjKhC8l
Locquémeau,Brittany,France	2/z2ehFl2fAZTzPpw
Loganville,California,United+States	12/f3KEhLmbBZgn94Cs
Lohja,Lohja,Finland	2/caCwWeyYA5ln78.GWA
Longara,Emilia+Romagna,Italy	10/Um5UY_WbAZ3GoMz9UQ
Longarone,Veneto,Italy	29/TpZLX1OeAJsjLAQ
Longobucco,Calabria,Italy	100/mdQx6mSeAJs9fj4
Longrock,England,United+Kingdom	14/8VtzvACbBp853Q
Looc,Calabarzon,Philippines	16/iTsioR.YAJXdpyG4
Los+Alamos,New+Mexico,United+States	27/UdGdaX.bBZgjhu6V
Louetta,Texas,United+States	60/dR7sE..bBZiYsSYH
Louisville,Georgia,United+States	1/cqiUdj2bBZhMQGzk
Loyola,California,United+States	8/0lcU.32bBZjlugnK
Lucaya,City+of+Freeport,The+Bahamas	46/PXTs63GcB5UZPw
Lucoli,Lucoli,Italy	1/F__.g2aYA5q1lLdlng
Lucy,Haute-Normandie,France	2/PJMwoZqfAZQjn3I
Luminárias,Minas+Gerais,Brazil	27/w4rdG42dBJqwBF8
Lutterbach,Alsace,France	169/HlfIoVmfAZWYCSI
Luz-St.-Sauveur,Luz-St.-Sauveur,France	1/WjBORLSYA5qtFKWRuA
Lyness,Scotland,United+Kingdom	44/Qu_RUYqbCZw0fQ
Lökholmen,Vastra+Gotaland,Sweden	4/HaaYK4KRCJuhk7c
Lüblow,Mecklenburg-Vorpommern,Germany	1/DQXG7FefBp4OOfI
Mackenheim,Alsace,France	18/j84vn8ifAZWWhWo
Madonna+Dell'acqua,Tuscany,Italy	37/.6LNwQqeAJuCoUo
Maghera,Northern+Ireland,United+Kingdom	3/x_QQIB.dBZVyMg
Majahual,Quintana+Roo,Mexico	3/ouMkFX6YAp4DT48
Malga+Ciapela,Veneto,Italy	5/AJqXU8KbAZ1eVwc_4Q
Malpartida+de+Cáceres,Malpartida+de+Cáceres,Spain	3/UkRlNx6YA5rqlRVoRg
Malta,New+York,United+States	1/MnBEed6bBZgZfIfG
Manaccan,England,United+Kingdom	1/rz6VQJWbCZ7C8Q
Manila,NCR,Philippines	585/Ez36ndCYAJQJHALM S_3PHGGYAJQRHRe. XenFBCSYAJt6fYyE nnlbGu2YAJRnv4_Z aZwQxiGYAJXzrBH4
Marga,Bali,Indonesia	40/o2NM2ZGYAZ_Vs6UK
Marion,Michigan,United+States	16/2MachTybCZ8WCdfHpg
Mariveles,Central+Luzon,Philippines	10/SQDWpVaYAJX4DIS8
Marken,North+Holland,Netherlands	25/Ynd.bSeeAp2l8JQ Uk2QQrWYBJzGMFzFrw
Marti,Tuscany,Italy	1/n9.j9wCeAJuuVBw
Martins+Location,New+Hampshire,United+States	1/c3nS.yCbBZjtrc8y
Maryville,Tennessee,United+States	2/3Q3YM.WbBZhhgVaD
Marín,Galicia,Spain	14/fmnh__ueB5rar1w
Mascoselo,Vila+Real,Portugal	1/W0IBhCmbCJ_CWStTfQ
Matapozuelos,Castille+and+Leon,Spain	5/LaCzsbyeB5oJGl8
Mazama,Washington,United+States	3/LypumDCbBZjoPyvd
Mañeru,Navarre,Spain	3/JVzY78yeB5r0vzw
Mckees+Rocks,PA,United+States	22/aqSJ9JKbBZwKD1DC HiMdl8ObBZs59nIf
Mcleods,New+Brunswick,Canada	9/y2ey2LibAp_nHURXbQ
Melendugno,Puglia,Italy	1/50t4gyyeAJTSA10
Menaggio,Lombardy,Italy	13/rNL9ngKeAJQnnCw
Merindol,Rhone-Alpes,France	12/aZGMjVOfAJ0Mbys
Meziadin+Junction,British+Columbia,Canada	10/ZVn6n4qbApggvXoAdw
Middelburg,Zeeland,Netherlands	98/DNp.tXieAp2c12M WvHJuOKbAZyMAtL56w
Midsomer+Norton,England,United+Kingdom	1/C_7LItabCZVxlg
Milford,CT,United+States	6/qwWEBWqbBZk72MIt
Mirador+(El),Andalusia,Spain	4/uNAwUiWbAphpld52mA
Mishmar+HaShiva,Tel+Aviv,Israel	3/b6S4og2YCJoIV7ff
Mission+Beach,Washington,United+States	17/5c7VMh.bBZloOpqQ
Moab,Utah,United+States	160/JM_egNebBZkjxjh.
Moirago,Lombardy,Italy	20/zoqDVxSbCJ9VF.6gsA
Mono+Lake,California,United+States	44/Er8isxKbApkuJSPYYA
Monserrato,Monserrato,Italy	36/S57H51CbAZziyN89tQ
Monster,ZH,Netherlands	14/WNCePZieAp0XNlc
Montalto+Marina,Lazio,Italy	4/bVCSaz2bAZ2kR2cd6Q
Montanuy,Montanuy,Spain	15/xVvLPhKYA5oV8GViWQ
Montcerf,Quebec,Canada	2/xXIJRh2bCJ.cTjapYg
Montcuq,Montcuq,France	2/Lw6VcF6YA5o6Nm6W8w
Monte+Faito,Campania,Italy	3/cJlz8NSbAZ1R7rGyTg
Montepaone+Lido,Calabria,Italy	4/ryLQZZCbAZ1mK9NiAg
Monterchi,Tuscany,Italy	16/2BHjyayeAJQDuro
Montieri,Tuscany,Italy	4/TFRv23qeAJVavk0
Montmin,Rhone-Alpes,France	2/4dIU6UWfAJ51hKQ
Mooloolaba,Queensland,Australia	34/I6JvUC.YAZUhFE2t
Morfa+Nefyn,Wales,United+Kingdom	8/g_pLZ5KbCJ8MwA
Morgat,Brittany,France	4/2X4.bHyfAJ_Alac
Morgins,Canton+of+Valais,Switzerland	29/ltrwbqSeCZ95pSE
Moro+Bay,Arkansas,United+States	18/awMDCzebBZkhjONu
Moss,Ostfold,Norway	38/EgUx1Z.RB52hWuc
Mostyn,Wales,United+Kingdom	6/kYNTQOKcBJTbRzp2Qw
Mouans-Sartoux,Provence-Alpes-Cote+d'Azur,France	1/edt5nSufAJ9xr5o
Mount+Hope,Ontario,Canada	26/DUeHZNibAp__cZrg4w
Mountain+City,Texas,United+States	14/4iPr5xCbBZnt89Zo
Moussan,Languedoc-Roussillon,France	9/NHQawk2fAJ9w9nM
Muang+Ngoy,Louangphabang,Laos	1/5NLNKtGYAJjVvqoh
Mula,Murcia,Spain	13/34lc5_KeB5vh8Hs
Mussolente,Mussolente,Italy	20/NBpDlomYA5pUcdkQsA
Muñoz,Canary+Islands,Spain	60/CGTINrieB5SfKxM
Myllyoja,Southern+Finland,Finland	1/rS4mNhibBJUOUB86mQ
Métabetchouan,Quebec,Canada	1/C5Qw0FaQBpg
NY,NY,United+States	27256/L19dL8mbCZtdqRfoKA SnOhaH2bCZ4JDcRqwg SRmuukObApniv94HQw K7q2ZyebApmByV3aNw gN5PpdWbCZsYpA88rg j5xCvTmbCZ7SfIrXhw 73xy4U6bApmdW6l47Q Gno9fnKbApnzKHKpDQ W3fXH4.bBZSDFaDD q0uJ7MybCZvSogDkGA 0nwpM8KbCZvrF3azUw ASaKgsibApkm7xm4fA w_BZnFqbCZvjvvLUVg LKZYoCebBJ0zyG5I FTIWK2ubAplHe7dMKw 4_zBa7SbBZSHqtdc yja432ObApmBh_jwqQ rigxI5.bApmPJaHeJg jGYmfnabCZvr8ZD3Eg cWwThrabCZt9DgVYYw sns3PfibCZvPcDazOw Z4DzI12bCZvVDoB6aw vqQCWISbApWpa.q8 sKwg7UCbApmF4qjd2A 1NSaYIabBZivnfvf XINwnr2bCZtGBUuAlw zPX9t.GbCZt54UAeMg ZVZ87XGbAplOcuLMwQ Zh06QwGbApmku8LNUg 9615ZbGbCZ7oiy5A8A MfjZCVObBZgJTqd9 9io3SiObCZtaWazVLw rHdOpTWbBZVaHRjK 5N_6w8qbCZtUTXscTA _e7YPOybApnMUzwdDg AgBpNrmbCZ7dKQweiw wO8AP2GbCZuuLm45Og G2k.BBSbCZvkASAXag eErVEimbApmYr_oXPw i1VUiZabCZsTmtoY4g T_0YiWGbCZuJaU8i8Q C1e63_2bCZsNNOjx1A be.jZkSbApm7xopiOw brp6zGCbApo3.G5r q55enoebCZsqD9v.hA w.NmuHKbCZs.QfyeUw IN9mbbabApkXiGZUBA Dd2kMgqbCZvkpPJg3Q RJeiQCubBJ13P85W DL_7ZNybCZ61V6XM2g 2jzH.gKbApm7JmSIlA iOzmOyubApnEYbvkzg y8HcBeGbCZv_QW7Etg hDje1d2bCZ6ukoUnkA dAFpVkObBZ0jBwpw
Naberezhnyye+Chelny,Tatarstan,Russia	2/dcr.J2qbAZiQCLGm
Nagahama-shi,Shiga+Prefecture,Japan	1/81pGWUCYAJ3AdE8M
Nanaimo,British+Columbia,Canada	498/PFNmeXmQCZ1d
Naples,Campania,Italy	1594/JTUjo6yeAJtSnm8 aVRXSKCeAJWt8lo jAhrKnubAZ1X6W6jag
Narragansett,Rhode+Island,United+States	1/rOb_gxabBZkmHqR3
Natural+Bridge,Virginia,United+States	12/62g5x9ebBZnZ.L7V
Navardún,Aragon,Spain	2/r7upto6eB5QNHjA
Naves,Asturias,Spain	1/91sm5hKeB5QJ05I
Neath+Hill,England,United+Kingdom	33/T4cP2hObCJtWTA
Neringa,Klaipeda+County,Lithuania	59/QorHVXqdBpq_sTU
Nerja,Andalusia,Spain	207/NLBTvaKeB5QiR2Q
Neufchâteau,Luxemburg,Belgium	5/7jmFJ0OQBphcn0o
Neves,Madeira,Portugal	3/HnFjbTOcBJSjN.T6Gg
Nevins,Florida,United+States	8/hK8XB1abBZkRxXSN
New+Baltimore,MI,United+States	16/aF1E44WbBZly9kN2
New+Brunswick,New+Jersey,United+States	1490/78F3p1CbBZnfyCkc
New+Edlington,England,United+Kingdom	45/1NF0VA2YCJ8aow
New+Hope,Pennsylvania,United+States	384/4bvoYZebBZkdPXVE
New+Romney,England,United+Kingdom	31/9MJbpvqbCJX5OQ
Newaygo,Michigan,United+States	7/0M8.I5ubBZlg2REq
Newbiggin,England,United+Kingdom	38/X_fSCe2aAZx5kA G2D7qjWaAZzsxw
Newbury,Newbury,United+Kingdom	25/dM.8N9iYA5pvxbwtQw
Newcastle+International+Airport,Newcastle+International+Airport,United+Kingdom	1/NWcaOtybA5izJ9P6_g
Newington,England,United+Kingdom	128/C.UlnCyaAZ2w5A isQZRtWaAZ0qUg
Newport+City,Newport+City,United+Kingdom	8/ROL9kcaYA5p9.QRdcw S6yukoebAZzF32df2Q
Newton+With+Scales,England,United+Kingdom	1/Vl_y8VabAZxoVHz33w
Newton,Pennsylvania,United+States	19/.pr7h9WbBZmShJUi
Newtonmore,Scotland,United+Kingdom	1/a49iD3OaAZ4jWg
Ninemile+Corner,Colorado,United+States	13/FsMIr5CbBZokerpY
Ninoy+Aquino+International+Airport,Ninoy+Aquino+International+Airport,Philippines	1/9aXnTquYA5k_r65Elg
Northport+Point,Michigan,United+States	1/M7emfFybApmSYg_Qyg
Northwich,England,United+Kingdom	12/OoNB6MWaAZrdvQ
Nova+Levante,Nova+Levante,Italy	21/sLHrYmqYA5o5Tz.nKQ
Novyy+Svet,Crimea,Ukraine	171/B4.O6hWQA5VpXps
Nötesjö,Skane,Sweden	1/S6W3ZTGbAZ12y1QgAA
Obrov,Sezana,Slovenia	1/XVpFIWqcApzfbQg
Ocotal,Guanacaste,Costa+Rica	16/jZInndmcCZRIew
Odong,Kandal,Cambodia	24/SKXP99uYAZ4RwYVP
Okrug+Donji,Splitsko-Dalmatinska,Croatia	3/wHb36UKRBZtB0.Y
Olcott,New+York,United+States	17/kKQLbVSbBZoWD7Vp
Old+Warden,England,United+Kingdom	7/vzGVfjqaAZWNHw
Olgiate+Olona,Olgiate+Olona,Italy	1/DBR.5COYA5p348x5VQ
Olimar,Valencia,Spain	55/Xjcr2jKbApgNbKh_PA
Olivares,Olivares,Spain	4/qc8QDJyYA5r2Yetz_w
Omak,Washington,United+States	5/z1.EUmCbBZoU54S5
Omegna,Piedmont,Italy	2/nccXbYeeAJUMMyk
Onna,Abruzzi,Italy	2/okhPePqeAJU43No
Opheusden,Gelderland,Netherlands	19/wt_c5xueAp4CfjQ
Orange,California,United+States	130/vnTfuuqbBZqsiGOm
Orihuela+del+Tremedal,Aragon,Spain	1/eqrufVCeB5SCToE
Ormos,Kentriki+Makedonia,Greece	33/0It0jwOQBJR6zZI
Orodel,Dolj,Romania	1/LGUFfDSRBpqFlec
Orsigna,Tuscany,Italy	2/9A.yBE6bAZ2eqce0qg
Os+Amedos,Galicia,Spain	1/a9lH3XCcBJTYnrNnZQ
Osa,Umbria,Italy	1/26810eieAJV0waI
Oshawa,ON,Canada	1485/_h4HRnecBJRxjFk79g 70wyT7qcBJR_yezoVw ByrSrtScBJQ9c4Hm6w Ne7aao6cBJTYEPBLCA GZ9z18CcBJSdoV_GxQ BSHRvZmcBJQtvtpNRw Io85.BCcBJRvH3c3xw Qrk4y7.cBJRk6AfVyA
Osorno,Los+Lagos+Region,Chile	22/IswZ51qaBZV5PjI
Osten,Lower+Saxony,Germany	9/MEcNMGqfCZ.4BUc
Ottringham,England,United+Kingdom	1/egr4FfmaAJ1.WQ
Ouessant,Brittany,France	29/gM6UfW6fAJkSE6M
Ovchartsi,Kyustendil,Bulgaria	1/jV2CRWeRApTAd_w
Oyhat,Washington,United+States	2/mMHT4lybBZo16ERn
Ozone,Tennessee,United+States	2/XvmyJ4ubBZq9VqqN
Oława,Lower+Silesia,Poland	4/qFznYWWcAJyEvKQ
Palairos,Dytiki+Ellada,Greece	2/EDuBROiQBJSBkIo
Paleokastrites,Paleokastrites,Greece	4/KrfuwSCbBZmH.Q8ECQ
Palm+Grove,California,United+States	5/rvdWe5ybBZpA7Mli
Palnackie,Scotland,United+Kingdom	3/WNjLU5iaAJ.ubw
Palouki,Dytiki+Ellada,Greece	1/3R93rl.cB5xZt5ZrYw
Pamiers,Midi-Pyrenees,France	3/4JPjnjmfAJmWhJ0
Pancorbo,Castille+and+Leon,Spain	8/MeUqQPieB5WGJJk
Pannone,Trentino-Alto+Adige,Italy	1/Ky8NjTubAZ1fKghW3w
Pannonhalma,Győr-Moson-Sopron,Hungary	41/7V3OTj6RAJ96h9k
Panorama,New+York,United+States	20/z.WUqNCbB5_UHWfcnw
Papaikou,Hawaii,United+States	5/u4KlpGObBZqbCeeX
Paranesti,Paranesti,Greece	1/0_s9heWbBZldV7DquQ
Paula,Malta+Xlokk,Malta	34/11p3leedCZ8Z8r4
Payerne,Payerne,Switzerland	5/rxOa_F6YA5oXijnAwA
Pays+Plat+Indian+Reserve+51,Ontario,Canada	2/7WOyg0GbCJ8YwG8viw
Paço+de+Arcos,Lisbon,Portugal	178/J7YZNkKeBZiY5G4
Pen+Mar,Pennsylvania,United+States	96/k1uUo06bBZunSvti
Pencaer,Wales,United+Kingdom	3/cFXbwauaAJr40w
Pentir,Wales,United+Kingdom	1/lv1a8x6aAJtYzw
Pentre,Wales,United+Kingdom	1/23Aqi7maAJQA1w
Perafita,Porto,Portugal	4/OvdjgpWeBZnjvRQ
Peraleda+de+la+Mata,Peraleda+de+la+Mata,Spain	1/s8SQA12YA5qx5ws5NA
Perelló+(El),Valencia,Spain	26/FzskHMmbApjnP88vhQ
Perinton,New+York,United+States	1/f2kx_NObCZuiS4VfzA
Perivoli,Dytiki+Makedonia,Greece	43/gzOeO66QBJVJQWk
Perjen,Tyrol,Austria	1/R2Fv_9ecBJ2P41k
Perpignan,Languedoc-Roussillon,France	131/k1Ifz1OfAJoauAk
Perris,California,United+States	19/I2HKPc2bBZvNM3Dc
Persnäs,Kalmar,Sweden	2/9Jnm45uQAZ3KcmE
Peschici,Peschici,Italy	31/kxchR92bAZ041i5jpw Pt6EBcebAZ3K.kLBpw 89YajXSbAZ3Mhzdf6g M6s3tFqbAZ26t.mZdw njZqx9qbAZwiQxlzng
Petit+Étang,Nova+Scotia,Canada	1/0rhAzaCYAJXU
Petit-Matane,Quebec,Canada	1/stdgzTObAp87zVRmsQ
Petrinja,Sisačko-moslavačka,Croatia	8/IqJ_7CqRBZU3FGU
Petulu,Bali,Indonesia	68/IH3dONicB5z9wko36Q
Phra+That+Bang+Phuan,Nong+Khai,Thailand	65/.YuHitecBJXdj4vCZA
Pico+Da+Pedra,Madeira,Portugal	3/g4RCoIOcBJRHHnYpUw
Pico,Madeira,Portugal	3/VeZuvNqcBJQhJbEoGA
Pinakiano,Kriti,Greece	4/mcbTGH2QBJXTmyI
Pinoso,Pinoso,Spain	1/dlcZQ8iYA5pBaNnidQ
Piobbico,Piobbico,Italy	3/cylJWmaYA5osLL2QCQ
Pizarra,Andalusia,Spain	4/plnviwieBpz1ops
Plan+de+Gralba,Trentino-Alto+Adige,Italy	17/Rr5ztwWbAZ3eR.kEUQ
Plankstetten,Bavaria,Germany	7/duAOa_CfCZkLcdQ
Plas+Gwyn,Wales,United+Kingdom	14/jFoWhFuaA52mSA
Playa+Honda,Canary+Islands,Spain	43/.lSVvwCeBpV7inQ
Plymouth,England,United+Kingdom	7913/cZpm.puYBJhOyw ZmBPnsyaBJo.OA DbbG.KuaA57WpA CgEXVv6aBp4_tw IkoiazGbCZV6Dg n2PoftiaBJn3iQ CAufbLKbCZ7vJg BEkye2GYCJ_nNA 00WfhgKYBp0mmw IopbvAGaCZ8nIw zrojHtybApSNvg k0HcPwqaAJV6TA 6iKVbtCYBp0crg 9rGf4PabCJ8_hA kf.5uOyaA50fsQ Wd5CweOaB58Jew B_ZJabeYCJ8sNQ xc_whjubCJnMNg 0pvJrFGbBZRCvQ h9NhyZGbApQ3gQ 4hLwnV2bApveuA Bm3PPKOaBJuzmg mG7T8qmbAJvSeQ X5VkLtCaB5WkVw mKAA_qmaB55rEw MpoojMudAZ8u4g Sy7YiPSaAJz7uA XSp8M9SaA5o2aw W.tmx76aA503Mg 2.MNxXebCZVJDg
Plémy,Brittany,France	3/UwmUfGCfAJoK5G8
Podgora,Splitsko-Dalmatinska,Croatia	2/gnPvqIyRBZUT0GU
Poggiardo,Puglia,Italy	1/FdG5MGCeA5zR1As
Poirino,Piedmont,Italy	4/LSAm22meA5wcrVM
Polcenigo,Polcenigo,Italy	2/JnX1z0SbAZ3s7J3ynQ
Policeman+Point,South+Australia,Australia	13/LUxvMrmbCZmnaOdLrg
Polop,Polop,Spain	1/Wh7nyV.YA5qBJ36FSQ
Pomezia,Lazio,Italy	4/Mx6ai3GeA5xkd7A
Pont-À-Celles,Hainault,Belgium	46/smRryjqQBpmH.lY
Ponte+S+Martino,Valle+d'Aosta,Italy	5/8kG2PdqeA5yTiYI
Poole+Borough,Poole+Borough,United+Kingdom	8/GGqx_JqYA5o_zBeKmQ
Porquerolles,Provence-Alpes-Cote+d'Azur,France	23/Qm9zMryfAJtEC9c
Port+Aransas,Texas,United+States	413/7Py5tC6bBZtRjY.M
Port+Glasgow,Scotland,United+Kingdom	27/kBJwvzyaA5.ezg
Port+Republic,New+Jersey,United+States	34/yF8FLW6bBZvPf_aA
Port+Saint-jean,Brittany,France	2/3mElMoabCJ_.nqh4zg
Portland,Missouri,United+States	8/StvWrp6bBZvhrixp
Porto+Cesareo,Puglia,Italy	230/uicp2C2eA51pXfE
Porto+Pollo,Sardinia,Italy	8/CTokkXebAZ0ygiVXuQ
Praidas,Sardinia,Italy	1/lNopQgibCJ.JzVBIcA
Pramanda,Ipiros,Greece	11/Hi4hJY2QB5wvJhc
Prata,Tuscany,Italy	2/gcaOziKeA50z230
Predonico,Trentino-Alto+Adige,Italy	8/ve9k66CeA53UJfo
Pregrada,Krapinsko-Zagorska,Croatia	1/.8RVkzqRBZU8HMw
Priest+Point,Washington,United+States	2/mYXKBoibApj8z0y9gQ
Prosforion,Kentriki+Makedonia,Greece	3/quTvjxiQB5yg6wI
Pujato,Santa+Fe,Argentina	14/Kmbbkq2dB5rnoJ8
Puy-d'Arnac,Limousin,France	155/uCFjVTifAJT5PvY
Pyrgos,Notio+Aigaio,Greece	2/N8DGrQ2QB5zd5iU
Qantarat+al+Fahs,Zaghwan,Tunisia	1/T2bTUxuYBZjmIWoO
Qarna’ūn,Ash+Shamal,Lebanon	3/NtgxVTqYCJoyfDKD
Qualicum+Beach,British+Columbia,Canada	10/L9GHwOSQBpXo
Quinault,Washington,United+States	6/zd01Z82bBZscFNGc
Quinéville,Basse-Normandie,France	7/nq6Gy.mfAJSK.Hc
Rachenahalli,Karnataka,India	13/ViOBDumbCJ5HVapMdQ
Radyr,Wales,United+Kingdom	2/AOXwhWiaA5TgGg
Rainvillers,Picardie,France	2/ChZTmvSfAJSDlzQ
Randazzo,Randazzo,Italy	65/z.Ei9WiYA5rxsA85wg
Rathcormack,Sligo,Ireland	2/SeRpGIKbCJ_Qh3Y2Hw
Rathmannsdorfer+Schleuse,Schleswig-Holstein,Germany	2/A9Sxz8.bCJ.T0vi6LA
Rattvik,Dalarna,Sweden	7/9D5MmuWQAZ6pB6g
Rayne,Louisiana,United+States	50/8tdyrf2bBZvEE9Fx
Reading,Pennsylvania,United+States	208/SoC_F7qbBZsxAK6M
Reci,Covasna,Romania	1/43Vmc0ORBpSgIOA
Redes,Galicia,Spain	1/kxKj_1eeBp2G5wE
Redland,Scotland,United+Kingdom	6/sccQFtiaApxG2Q
Renfrew,Ontario,Canada	1/LsjdFlmaApqS
Renovo,PA,United+States	3/9X_DA7.bBZ78IU6A
Reymert,Arizona,United+States	8/l47JTt.bBZRB52eK
Rho,LM,Italy	23/UVprBA.bAZ3N7R6GEg
Rhoon,South+Holland,Netherlands	20/DWZBWRieAp6Cm70
Ribble+Valley+Borough,Ribble+Valley+Borough,United+Kingdom	28/gJM6UhSbAZxEwy7_7g Z5xLRjqYA5qg_ebmYw
Richmond+Highlands,Washington,United+States	27/R7A1QnebBZTiZLrO
Ridgmont,England,United+Kingdom	56/_mRrE3WaAp_W_Q
Rieden+am+Forggensee,Bavaria,Germany	7/IIQzuuSfCZQw3xU
Rimsting,Bavaria,Germany	1/e.50DBCfCZSJSrg
Roatán,Islas+de+la+Bahía,Honduras	61/W1BJVf6YAZqZpWI
Roborough+Down,England,United+Kingdom	2/dbosweKaAph3eg
Rochor,Central+Singapore,Singapore	18/wG1Ma4abBZu6sINkiQ
Rock+Hill,South+Carolina,United+States	53/bneG66mbBZSuoSgs
Rockland,Maine,United+States	1/P6.TWzubBZTJSa6R
Rocky+Ford,Oregon,United+States	1/9mws_PCbBZTIRvRA
Rodell,Wisconsin,United+States	6/1LKFMyubBZS3OKCd
Roelofarendsveen,South+Holland,Netherlands	33/YfOnNsueAp9V6lg
Romaria,Minas+Gerais,Brazil	12/z9gSF7WdBZuF6Ys
Roosendaal,Gelderland,Netherlands	4/z7J7sjKeAp.ll20
Ross+Priory,Scotland,United+Kingdom	11/nnIwzhKbAZxmLIyHxw
Rossnowlagh+Lower,Donegal,Ireland	8/iKM_CWucB55O_pQ
Roussillon,Roussillon,France	3/h7kB1UebA5uPa7Pjqg
Royalton,Wisconsin,United+States	1/RhHnFOCbBZQYVQe.
Rozel,Channel+Islands,United+Kingdom	2/FvxTPbOcApQ3jAs
Rozzano,Lombardy,Italy	123/X712DTGeA55.QvQ
Russum,Mississippi,United+States	4/AJ1kfiKbBZSbih7T
Rybice,West+Pomeranian,Poland	4/gT.yCFqbBZWaAkVNDQ
Rådalen,Vastra+Gotaland,Sweden	76/G7FsOkabAZ2pL74ddw
Röbäck,Vasterbotten,Sweden	5/pUorYcCQAZ7d3P8
Røstlandet,Nordland+Fylke,Norway	1/LlV7wzibA5q_lL4baQ
Răchiţele,Cluj,Romania	2/bRD8eSCRBpRFbLk
S-chanf,Canton+of+Graubunden,Switzerland	2/o0GSpROeCZhySd8
Sai+Kung,New+Territories,Hong+Kong	3/q_c2lzKbAJoKw_bU
Saint+Lucia+Estuary,Kwazulu+Natal,South+Africa	18/4MC9NgCYBJQ_g4Nr
Saint+Poelten,Lower+Austria,Austria	2/ZZJMQ5WcBZ_dCf8
Saint-Etienne,Rhone-Alpes,France	9/N5m11hWfA59e96M
Saint-Foy,Rhone-Alpes,France	1/h1hMjrKfA5veLz0
Saipan,Saipan,Northern+Mariana+Islands	252/qs7r9lWYAZq2non2
Sala+Bolognese,Sala+Bolognese,Italy	3/TKhFLzaYA5rpd8cc.Q
Sallent,Catalonia,Spain	13/AvGNLIaeBp4iXAc
Samokov,Sofiya,Bulgaria	11/M2OuU8GRApXq6TM
Samos,Galicia,Spain	11/yStFMJyeBp6KHv4
San'a,San`a´,Yemen	49/JKP49eyYCJnVs77g
San+Bartolomeo+al+Mare,Liguria,Italy	20/yqmLYNKbAZ3FcbWEHA
San+Biagio+Della+Valle,Umbria,Italy	15/yzT96.SbAZ1qTiMT_Q
San+Cassiano,Trentino-Alto+Adige,Italy	9/TKeptX.eA54QZg8
San+Cibrían,Castille+and+Leon,Spain	1/69YSoTueBp6HUZc
San+Felipe+Hueyotlipan,Puebla,Mexico	3/P7HNeY6YBZ6xUD4
San+Gusmè,Tuscany,Italy	32/d8g9w7CeA54eWj4
San+Lorenzo,Sardinia,Italy	2/jyoIrRaeA550zeE
San+Mateo,CA,United+States	49/VOSQu4icBJXg6xCMZQ IhnlUp.bApju6Oo_Cg Na5d90CcBJX8cvavXw W9EQuOOcBJUwJ8BPGw Sqoi2nicBJX5_dmgNQ
San+Miguel+de+Pera,Catalonia,Spain	1/kLBzPwOeBp9R7w4
San+Millán+de+la+Cogolla,San+Millán+de+la+Cogolla,Spain	1/Y6jg1fObAZ5O3UeXkg
San+Nicandro+Garganico,San+Nicandro+Garganico,Italy	10/lkdTGcyYA5o2HhRCQw
San+Nicolás+de+Tolentino,San+Nicolás+de+Tolentino,Spain	4/A8Fw126YA5pCzmnkcA
San+Pedro+Pareo,Michoacan+de+Ocampo,Mexico	12/Xfw3ZhGYBZn3dbc
Sandy+Point+Town,Saint+Anne+Sandy+Point,Saint+Kitts+and+Nevis	5/N43uiQ6YB51hIz8
Sango-cho,Nara+Prefecture,Japan	14/V11sIxObCZld9JmXdg 7fVunQGbCZn5eAgDog
Sant'+Angelo+in+Colle,Tuscany,Italy	3/zrv7.zqbApgSq294og
Sant+Cugat+del+Racó,Catalonia,Spain	1/u3ufFkGbAZ6ouob.hQ
Santa+Caterina,Puglia,Italy	13/yHOrcn2eA5.Irso
Saugus,Massachusetts,United+States	2/FVNQFU.bBZQT1toD
Sauvies,Oregon,United+States	1/mS.bBWubBZTbgQYJ
Savoy,Louisiana,United+States	6/G__OLgWbBZTvPcVk
Scanzano,Basilicata,Italy	4/qnKwZPyeA58_pVg
Schifflange,Luxemburg,Luxembourg	12/ZENC_SWQBpWhBBs
Schlarigna,Canton+of+Graubunden,Switzerland	4/c7ih6R6eCZ7en.4
Schlottwitz,Saxony,Germany	1/a3h5SXmfCJ7oFV8
Scotch+Corner,England,United+Kingdom	1/DohQycaaBZ5mSQ
Sealy,Texas,United+States	9/johkUgubBZXsK0F8
Seica,Coimbra,Portugal	16/ZwLehYCcB5xAJ.Gq0w
Sendai-shi,Miyagi+Prefecture,Japan	628/Q1VMtsCbCZm7FAQ2lg ndAt0N2YAJ1Ljx76 FK.nHBCbCZm5G1z0KA
Senni,Wales,United+Kingdom	99/ByC1akSbCZTOhqOZAg
Seriège,Languedoc-Roussillon,France	5/n4t5zpybAZ4uLsQzbQ
Serra,ES,Brazil	94/_vUxfWWcB5wXOwMIUA 0xjQHtKcB5yFpuVlNA
Shambe,Al+Buhayrat,Sudan	9/Hrd6dvqYBZ8fgvlw
Shapcott,England,United+Kingdom	9/NZ0WsB.bApuhaow_5w
Shaver+Town,Tennessee,United+States	2/NM_jffubBZWSg_Nk
Shenandoah,Virginia,United+States	2/xsEGb9ObBZUIMtjP
Shimoda-shi,Shizuoka+Prefecture,Japan	24/DgXu_0iYAJ1J3vY4 kOZe61GbCZlt.AaMKw
Shintomi-cho,Miyazaki+Prefecture,Japan	43/a4J0OYibBZRfOkFpMQ
Shirley+Meadows,California,United+States	1/G05tGkqbBZUPVnjM
Shoto,Wisconsin,United+States	5/90Gb7umbBZUHtSMM
Sidoarjo,East+Java,Indonesia	50/vg9xXk6YAZguj7yA
Siem+Reap,Siem+Reap+Province,Cambodia	6204/bCc0uo6YAZ6YXcZ1
Sierpc,Sierpc,Poland	3/edzL6jabBZkJbyPu3A
Sigiriya,Central,Sri+Lanka	5/RidjC2ebAJR_hRVs
Silver+City,New+Mexico,United+States	2/t5LLCj6bBZUsCxaX
Silver+Star+Mountain,British+Columbia,Canada	76/jCmEqPSbCJ88TuhB8A
Sinnard,Colorado,United+States	1/i4F0AqSbBZWwgTSy
Skansholm,Vasterbotten,Sweden	1/Fu_kz1yQAZgFwSY
Skoki,Greater+Poland,Poland	26/qtaVllScAJSqYIQ
Skt+Johann,Styria,Austria	33/1iYO6xKcBZWP9Ew
Skärstad,Jonkoping,Sweden	2/fzlO2YeQAZjqhu0
Smidhjuvik,Nordur-Isafjardarsysla,Iceland	5/bDBe.T6QCZwul5w
Smidstrup,Hovedstaden,Denmark	1/hipnQficBJsf6ZA
Smithy+Bridge,England,United+Kingdom	7/1yt6GzeaBJw1jQ
Soba,Soba,Spain	2/s8Tq1R.eB5.yA1A
Sobrón,Basque+Country,Spain	2/n3NA5FqeBpi.6hc
Social+Circle,Georgia,United+States	151/rHDFIdSbBZXSTjMm
Socorro,New+Mexico,United+States	8/AqZrVHabBZWAhE_z
Sodertalje,Stockholm,Sweden	26/B.fAtlWQAZkynu4
Sogliano+al+Rubicone,Sogliano+al+Rubicone,Italy	28/UowOjIuYA5qCSRFpFg
Sohman,Constanta,Romania	9/GYpBjnSRBphkJR0
Solheimar,Arnessysla,Iceland	30/2GSPbYWbCZucKkadPw
Somerset,Maryland,United+States	1/XoxWE_ebBZUH0hvq
Soorts-Hossegor,Aquitaine,France	12/s7YdwFufA554byQ
South+Oxfordshire+District,South+Oxfordshire+District,United+Kingdom	4/vyyzvGiYA5qRah1qAw
South+San+Jose+Hills,California,United+States	13/AvcZ5u2bBZXHl1Xn
South+Walpole,Massachusetts,United+States	37/z6NDFMabBZWZYd3X
Southwold,England,United+Kingdom	346/njIEUMmaBJiRZw
Sparsholt,England,United+Kingdom	39/ONffh3CaBJhPRQ
Spellacy,Ohio,United+States	4/V3OlyHibBZUu1VNN
Sperry,Missouri,United+States	25/os9uLVKbBZULRzxN
Spink,South+Dakota,United+States	1/mvkbTDybBZVnHNG3
Spring+Glen,Utah,United+States	1/ae46ViqbBZUFvuOH
Springfield,Scotland,United+Kingdom	13/7QWYCmeaBJn0iA
Squiffiec,Brittany,France	1/xh0DbWWfA54e3hY
St-Christophe,Rhone-Alpes,France	5/xkczSLifA5_oxG4
St-Germain,Auvergne,France	3/yauK186fA5iRtwQ
St-Paul,Midi-Pyrenees,France	1/RINYl0KfA5rT5Ek
St.+Clears,Wales,United+Kingdom	1/sSk___qaBJqxjA
St.+Ouen,St.+Ouen,United+Kingdom	2/KgladtKbApvhsZRSOQ
St.-André-de-Cubzac,St.-André-de-Cubzac,France	6/xXmXDnGYA5p3zXYS0w
St.-Aventin,St.-Aventin,France	10/wMCehYmYA5qVaBOUQA
St.-Bruno-de-Guigues,Quebec,Canada	3/RsuRKOqYBZ2o
St.-François-de-Sales,St.-François-de-Sales,France	2/KIf.hrSYA5rQ9svkNA
St.-Michel,St.-Michel,France	4/hnE_RROYA5pU36Dhtw
St.-Pierre-du-Mont,Basse-Normandie,France	2/fNdtVJ2fA5ouTIA
St.-Rome-de-Tarn,Midi-Pyrenees,France	2/UoUxUo6fA5r69rQ
St.-Tite-des-Caps,Quebec,Canada	31/jyoMaDCYB548
St.-Victor-sur-Rhins,St.-Victor-sur-Rhins,France	1/YFRV05uYA5pMZoqGeQ
Stadtteil+Calenberger+Neustadt,Stadtteil+Calenberger+Neustadt,Germany	1/pP2oDOSbAZ3rTpDfZA
Stadtteil+Innenstadtring,Stadtteil+Innenstadtring,Germany	625/ioBV_FabAZ30nDJ2nw
Stadtteil+Klarenthal,Stadtteil+Klarenthal,Germany	13/hyHq18SfB5rwdbI
Stadtteil+Seckbach,Stadtteil+Seckbach,Germany	2/ggIaptKfCJj3ZBY
Stadtteil+Wanheimerort,Stadtteil+Wanheimerort,Germany	7/3EwIKdmeAZ.U3DE
Staveren,Friesland,Netherlands	1/X4mIyzyeAp.ltzY
Stewarts+Point,Nevada,United+States	4/.Ijm6IybBZUxnF_K
Stillington,England,United+Kingdom	2/nU7kPWGaB50XEg
Stjær,Midtjylland,Denmark	5/D2vX8oGcBJt5uDQ
Stompetoren,North+Holland,Netherlands	4/UTUo0VGeAp.RBzk
Stonyhurst+College,England,United+Kingdom	12/XYbj8NWaB59RNw
Strassgang,STM,Austria	147/O9pmwgecBZX9XVw
Stratford-on-Avon+District,Stratford-on-Avon+District,United+Kingdom	31/Er_PuSGYA5rvli2Emw
Strathcona+County,Alberta,Canada	16/Hg59BrKbCJ.iMligrA
Stuart,Florida,United+States	2/NalmINebBJyvt2xN
Stöckenhof,Baden-Wurttemberg,Germany	5/SIeOBUabAZ2lCpiOdg
Suan+Luang,Bangkok,Thailand	1/PWW_dzibCZ_ny0xRvw
Sublette,Illinois,United+States	14/pKRRUwObBJyuEDwY
Suipacha,Buenos+Aires,Argentina	11/_.jMkgWdB5uKFYo
Sutton+Bridge,England,United+Kingdom	4/qdZcVUmaB5oDcg
Sveta+Nedjelja,Splitsko-Dalmatinska,Croatia	1/yE_AUMGcBJT6pr3RZQ
Taber,Alberta,Canada	2/SPcHdv6RCZ35
Tadmur,H'ims,Syria	120/NRnNFlyYCJgnP00A
Taggia,Liguria,Italy	39/_QlNd76eA5g8sFQ
Talmine,Scotland,United+Kingdom	1/9gzHC1KaB5VaGg
Tambre,Tambre,Italy	2/_MXaduaYA5oiiPqjJw
Taormina,Sicily,Italy	364/fIkMZE2eA5hI19w
Tapolcza,Veszprém,Hungary	2/_qGDv_iRAJrn2E4
Tarcu+Sacuesc,Covasna,Romania	13/5gq7VGCRCZ1gJMw
Taurito,Canary+Islands,Spain	97/W5QsJVmcB5wP9rH6AA
Taylor,Texas,United+States	1/Mez5mmObBJzWrUeF
Telok+Blangah,South+West,Singapore	144/GjoZ0SCYAZqbHkKh
Tewkesbury+Borough,Tewkesbury+Borough,United+Kingdom	2/y_v99XGYA5qW0vJU_g
Thalheim,Thalheim,Switzerland	14/ByNd2NKYA5rEX_cQsw
Themisang,Jammu+and+Kashmir,India	1/mNK88u6bCJ5UA8B7Pg
Thiepval,Thiepval,France	12/8tKeReuYA5pIxDtAug
Thornham,England,United+Kingdom	1/l5ncT96aBp9tVA
Thornton+Beach,Queensland,Australia	77/QJK2gqSbCZqb.9O6Sg
Thurleigh,England,United+Kingdom	502/7JyTh46aBpmGbg
Till-Moyland,North+Rhine-Westphalia,Germany	1/YMBBeKibCJ83kNtPQQ
Titiribí,Antioquia,Colombia	5/tALXWtaaB5uOdv0
Tokol+Airport,Tokol+Airport,Hungary	1/mc2iuKqYA5lCvVdIvQ
Top,Arizona,United+States	1/0OlA_MObApg5lZW3PQ
Torre+Colimena,Puglia,Italy	4/jUApv8GbAZ2HMD_nXw
Torres+Vedras,Lisbon,Portugal	1/nO93UPueBZUuRoc
Torres+de+Albánchez,Andalusia,Spain	1/qX5dZkKeBplvnyM
Torul,Gümüşhane,Turkey	1/O5gY8Y2bApiZwbfb
Trabzon,Trabzon,Turkey	590/ww27pTebApgB_.JN
Traverse+City,MI,United+States	5/P7tgyqqbAptyrIIr
Tres+Cruces,Jujuy,Argentina	1/7y4e3fGdB5ocJqg
Tresviso,Cantabria,Spain	22/VnKAE0ieBprWOkA
Trois-ponts,Trois-ponts,Belgium	122/He6Gv7mYA5qHcgY2Vg
Trévou-Tréguignec,Brittany,France	1/Wnk.KTyfA5UtmXk
Tsaotun+Town,Taiwan,Taiwan	299/F9t1D3ibApwesd8G
Tsentoroj,Chechnya,Russia	62/wWkW0jSbAZUXiiDh
Tshani,Eastern+Cape,South+Africa	2/cdONxWiYBJQ6XQQj
Tucson,AZ,United+States	349/ye74iPKcBJRntXWgCA EFOSagKcBJR0PQyByA bMmIC.mcBJRHf_5IZQ SdXDo9CbBZgRGCpq XWbJzcWcBJRi67lKVw mh1sD1KcBJRoL.zuYQ AYWE_VubApicYOIHMA zE4LZJCcBJS5xunu.g LTHvl5.cBJTdDX7yZw fCWv2WmcBJRd.AfAog f3.nYLybBZsu8FA4 p5LpWqybBJzDWmiB 4QCvdnecBJQFCEZG7w 1.AYTZ2cBJRjqFzb0Q CY7aDvScBJTK.6Nh.Q
Tuiza,Asturias,Spain	4/VDNyWDyeBpqH0J8
Tunuyán,Mendoza,Argentina	3/ToXeOJudB5tU218
Tupiza,Potosí,Bolivia	49/0QZUx66aBZqNJcI
Tusayan,Arizona,United+States	3/McVn8DmbBJzsZ_TW
Two+Harbors,California,United+States	56/HFcsoCebBJxBOJRx
Tynemouth,England,United+Kingdom	49/eKbBSG2aCZhltA
Tête+Jaune+Cache,British+Columbia,Canada	24/3hu7g5WQB5ky
Umkomaas,Kwazulu+Natal,South+Africa	56/p3wiO7CYBJTwcLiF
Unity,Saskatchewan,Canada	3/e7_Al4qbAJqP
Unterröblingen,Saxony-Anhalt,Germany	8/zHAdcZKeAZ0361w
Urasoe-shi,Okinawa+Prefecture,Japan	10/u1CqdoWbCZlY1Z_SAA
Urbanització+Peñismar,Valencia,Spain	1/B7XdduybCJ_ClUsQQQ
Uroz,Navarre,Spain	4/KebKs2ubApjhfZ_OXA
Uta,Sardinia,Italy	32/4cQjO5ieA5mkRms
Val-d'Isère,Val-d'Isère,France	1/EH4sB7WYA5r2geNrZg
Valeyrac,Aquitaine,France	66/uGBkJ1GfA5VizEM
Valtournenche,Valtournenche,Italy	33/x5jtOpCbAZ36GRO.pQ Ni7SXxqYA5qBlNGEeA
Varensell,North+Rhine-Westphalia,Germany	1/BTsw4FabAZ0kXxP1Vg
Varese,Varese,Italy	15/3TVyryiYA5oRl4etaA
Vargem+Grande,Santa+Catarina,Brazil	2/VSdF7KycB5xa0TPDJQ
Vaucottes,Haute-Normandie,France	3/S9GlZXubAZ1ti2X8yQ
Velden,Limburg,Netherlands	1/dALtwaKeApgWab8
Velta,Georgia,United+States	1/Jc0HV3GbBJ2r3c.W
Venaria+Reale,Piedmont,Italy	54/jw2kXXSeA5nRYvA
Venta+de+Baños,Venta+de+Baños,Spain	4/JMUX2_.YA5puJ1mltw
Venâncio+Aires,Rio+Grande+do+Sul,Brazil	1/ZqZ0PuSdBJSi5lY
Verviers,Liege,Belgium	1/MI9oxwGQBpQ2nSA
Veszprém,Veszprém,Hungary	95/Rx.T_H.RAJsgmsQ
Vibo+Valentia+Marina,Calabria,Italy	3/8U93d..eA5kq0NQ
Victoria+de+Durango+(durango),Durango,Mexico	14/Jw5PQbicBJURvKEgsg
Vila-Seca,Vila-Seca,Spain	14/SoBYwrOYA5pAeqtTgg
Villa+Domínico,Buenos+Aires,Argentina	26/CVx4kVudB5rfGNw
Villa+Obregón,DF,Mexico	2010/m8WOYGOcBJRG7owpHg 3bg2wwOcBJR1VR9KEA wXsFv26cBJS_HxKuaQ 3hFd2PecBJVlAfALIg Y.yaJAeYBZ1G2y8 WdCJ2CCcBJVLp0qRLQ 9grd.jucBJSqptAhPA 1dT4UcScBJSd9EyWpA XinzSGKcBJTSz_HWYQ 30rHvxWcBJS2WKxrhg
Villa+de+Leiva,Boyaca,Colombia	53/HQklnEaaB5v87hU
Villaluenga+del+Rosario,Andalusia,Spain	16/.4jEkGaeBptCSxI
Villena,Valencia,Spain	6/zBa1WBWYBJxBJLqRdA
Vilser,Bavaria,Germany	3/yDMhZSObAZ3xB6IJTA
Vions,Vions,France	1/Mq_F4k2YA5pcHpuAjw
Visakhapatnam,Andhra+Pradesh,India	16/Ah.T1FqbA5VeZPCk
Vista+Alegre+Norte,Neuquen,Argentina	79/xL1ieqabB5sJH72z_A
Vistonida,Vistonida,Greece	9/B8jfs_ybBZmDemGrnw
Vito+d'Asio,Vito+d'Asio,Italy	1/WzK8AxmYA5q2ms24dA
Volano,Emilia+Romagna,Italy	19/JXhgD1ybAZ2RRVuiHA
Vourvourou,Kentriki+Makedonia,Greece	8/Ctk_0ySQB5jGWtk
Vradal,Telemark+Fylke,Norway	12/IoZlJIaRB5nALzo
Walchsee,Walchsee,Austria	14/xcL1CUKYA5rplMWqlw
Wall,South+Dakota,United+States	3/6ZqqT2ybBJ2I2lN1
Warren,NH,United+States	14/gCK1q6WbAporiSlb
Watergate+Bay,England,United+Kingdom	74/Vje24H2aCJ6_fQ
Watertown,Connecticut,United+States	3/TSNtG5abBJ3aKQcf
Webbecon,Vlaams+Brabant,Belgium	1/Rh7xzVSQBpSVWu4
Weis,Rhineland-Palatinate,Germany	7/mv8bjoCeAZjpVqA
Weissenborn,Saxony,Germany	1/v5w1EpWeAZi1mxQ
Welbeck+Abbey,England,United+Kingdom	1/wawnZXubAZz7U95DXg
West+Bromwich,England,United+Kingdom	1341/sju8_n6bApgyOQ WDvKT1aaCJm2NA 5YRTAw2bCZwgWg j9SPVe.bAJ8lsw
West+Linn,OR,United+States	339/RyxuWBabBZRajuTV KDToOE2bBJyWeOzT
West+Overlook,Indiana,United+States	77/KWS9Q.KbBJ0qqAAe
West+Plains,Missouri,United+States	6/TrCizt.bBJ3hPV_S
West+Yelland,England,United+Kingdom	114/rVWs0LSaCJQILg
Westport,Nova+Scotia,Canada	6/GldwZZeYCJ8b
Whitburn,England,United+Kingdom	23/N8EH_aSdAZ2PKA
White+Hall,Saint+Peter,Barbados	4/Kw2VnYKcB5s2.g
White+Pine,Tennessee,United+States	2/WMh8t_CbBJ1a_Ccn
Whitewell,England,United+Kingdom	13/Uw02iw.dAZ6u1Q
Wierschem,Rhineland-Palatinate,Germany	5/zxk3tsueAZoDJfM
Willowbend,North+Carolina,United+States	1/75vqX5ObBJ5UqUJ_
Winslow,Arizona,United+States	9/uCrhFf6bBJ5lYYF_
Wolves+Newton,Wales,United+Kingdom	16/rEDx8WedAZRQCg
Woodburn,Oregon,United+States	3/rObIziGbBJ59UNco
Woorim,Queensland,Australia	7/NwlEso.YAZXDtNcQ
Writtle,England,United+Kingdom	3/G3n2TVCdAJ7ePQ
Wujiang,Wujiang,China	3/b.RNqKuYA5qxiGK1Jw
Wye+River,Victoria,Australia	152/jb1dK82YAJyaR79o
Wyldwood,Texas,United+States	15/QTZgE0.bAphKguMQiQ
Xigaze,Tibet,China	1/_0EuF4ibAJjFdR5K
Yelsted,England,United+Kingdom	1/XN7L16SdAJ9HeA
Yucca+Valley,California,United+States	5/nwanXJubBJ4LnMY4
Yukon+Crossing,Yukon+Territory,Canada	2/z6jWWGmdA50X
Zhabinka,Brestskaya+Voblasts',Belarus	4/1ksdFM6RApjwbqk
Zielonki,Lesser+Poland,Poland	4/DGeGY3ycA5SurIQ
Åre+Björnen,Jamtland,Sweden	1/ycHhSrqbCJ5d3dPc_w
Écueillé,Écueillé,France	187/3em7ppaYA5qMWNYQQw
Österbyn,Halland,Sweden	1/R2df8rKbAZ2DJSiYdQ
Červený+Kláštor,Presovsky,Slovakia	36/szNzBLaRAJQAbt4
Český+Těšín,Český+Těšín,Czech+Republic	1/a.Ghg.GYA5qxFCUURg
Čukarica,Beograd,Serbia	3/B2UuvOScAp_eM6A
Żyrardów,Żyrardów,Poland	11/dfPJBYuYA5oG3Tt8_Q
‘alī+An+Nahrī,Al+Biqa',Lebanon	14/yWdazJmYCJkgiJmI
干城村,Taiwan,Taiwan	12/bJ4LUFCbCZvSndNihw
日月村,Taiwan,Taiwan	6/EzxtigibCZsKB.ap5g
福隆村,Taiwan,Taiwan	99/tbfiDRybCZum2bQAhQ
西村,Taiwan,Taiwan	15/a7xShgabCZvoYJsIsQ
