A+Pobla,Galicia,Spain	1/eltXtcCeB59JnRk
Aalesund,More+og+Romsdal,Norway	178/bknE8WmRBJrPmOE
Abanto,Abanto,Spain	1/3eMweP2YA5rg28fZqg
Abø+Hayl,Dubai,United+Arab+Emirates	1/LqpWDyOYCJjfpQJe
Acadia+Valley,Alberta,Canada	1/Yz.aD6aRBJV1
Aetomilitsa,Ipiros,Greece	10/d9wzm_WQBZiyRgs
Aiguamúrcia,Aiguamúrcia,Spain	13/jM0oc9uYA5ov5KZ2Cw
Aiguaviva,Aiguaviva,Spain	2/zqF7vG6YA5pCRdtDCA
Ajuy,Canary+Islands,Spain	8/Er8UjOmeBJ1oXG0
Akureyri,Akureyri,Iceland	281/M0GA1B.QCZyutzQ
Al+Barah,Idlib,Syria	10/jkDxhHWYCJjhuATl
Al+Fayyom,Al+Fayyum,Egypt	2/TDxQxbeYBJ5zVsWt
Al+Huwaila,Al+Khor,Qatar	2/lgSu0SScBJV1JE_2mw
Alabama+Hills,California,United+States	26/SF_JOt2bApkmVFvp
Albany,Western+Australia,Australia	59/mIGdkWyYAZWG30jc
Albanyà,Albanyà,Spain	4/HwsKvueYA5qMrGQUlA
Albarico,Yaracuy,Venezuela	168/shkOHLedB5RpRtI
Albeguería,Galicia,Spain	1/968VG4SbAZ4r85Tr.w
Albuñán,Andalusia,Spain	1/eXsP9.2eBJ2NaL8
Alexandria,Minnesota,United+States	21/Eu_RWQubApnLIdqS
Alhama+de+Granada,Andalusia,Spain	44/iBcIrhOeBJ5JAAw
Alise-Ste.-Reine,Alise-Ste.-Reine,France	3/G5t2DcqYA5p7G7Drcw
Alise-Ste.-Reine,Burgundy,France	1/RTvK8iWcBpnwlFE
Alm,Salzburg,Austria	1/dGa3xjycBZvAl0o
Almiserà,Almiserà,Spain	2/YmLY.KeYA5pH2bsrzQ
Alpe+Caldenno,Lombardy,Italy	2/iB18fKqeAJwsAkk
Alt+Aneu,Catalonia,Spain	1/MfIoU4ybA5q8q8OysQ
Alt-Saarbrücken,Alt-Saarbrücken,Germany	1/.jV3EEWbAZ1KTYQzQw
Altamont,New+York,United+States	1249/LnY3gV.bApnoWW_c
Alton+Priors,England,United+Kingdom	18/ev_1uZ2YAZsViw
Alton,Ohio,United+States	3/N72.rmebApncN4Bd
Altona-Altstadt,Altona-Altstadt,Germany	17/ZKgkwaKbAZ02ADZgrA
Amarillo,Texas,United+States	108/AiQo72SbApkipIf1
Ambleside,England,United+Kingdom	388/4_90StqYAZvGOw
Ambrières,Champagne-Ardenne,France	3/NOaj1EGcBpmkWE8
Amden,Canton+of+St.+Gallen,Switzerland	1/O87g8YCeCZ0CYYw
Amesbury,Massachusetts,United+States	92/.XFRgpWbApnEXktQ
Amherst,Massachusetts,United+States	191/K19VgG2bApmXVw3i
Ammos,Peloponnisos,Greece	163/nBOfW1aQBZl0Tlw
Anau,Leeward+Islands,French+Polynesia	16/4XibPdWbCZtjVwGo9g
Ancaster,Ontario,Canada	92/8qjG8PqbAp.55TkP8w
Andel,Rhineland-Palatinate,Germany	14/AWcukXufApkkSq8
Angeles+City,Central+Luzon,Philippines	71/gqjZ33eYAJXEypGb
Animas+Forks,Colorado,United+States	161/Xw1YelKcBJUv_EBHYQ
Ano+Kalamas,Ano+Kalamas,Greece	43/qYQrd2CbBZnG3pTEvQ
Arcata,CA,United+States	62/bwj2hIGbBJzADXkd 9KjVraWbApmjfWQQ
Arcen,Limburg,Netherlands	246/MCE6tQieA5sdbY0
Arco+de+São+Jorge,Madeira,Portugal	1/deYRhuGeApoKJck
Arcugnano,Arcugnano,Italy	3/FAD6iVSYA5qGbgPrnA
Arden+Hills,Minnesota,United+States	1/klFjS1WbApl49f0L
Arden,NC,United+States	1/62d1kFycBJV6UTPdXA
Arette,Arette,France	1/P9MfhZ.bAZ2GxjGe0w
Arnaudville,Louisiana,United+States	3/GzjYcdmbAplve3D8
Arrabal+de+Jesús,Catalonia,Spain	1/xp9gUHmeBJ_eW7k
Asansol,West+Bengal,India	4/VEceGfybA5XXGX1u
Ashford,North+Carolina,United+States	41/KSJticKbApkCCC30
Ashley+Green,England,United+Kingdom	1/pv_9wdSYAJ1XQw
Aston+Sandford,England,United+Kingdom	2/SPxBkC2YAJ9KTw
Atwater,CA,United+States	1/fVKtDtmbBZxTKFQa
Auchnacraig,Scotland,United+Kingdom	2/kfGoaLOYAJ8oWg
Aups,Aups,France	2/hPmhXluYA5rRTbVdKw
Aurora,Nevada,United+States	10/CIAluzubApnZYK.h
Authie,Basse-Normandie,France	1/zhr3_hqcBpucUZc
Avranches,Basse-Normandie,France	1/cRh70jOcBpsMDHY
Ayala,Basque+Country,Spain	13/qoK9VqObAZ6Vnr.CvA
Aysgarth,England,United+Kingdom	19/kF1QiueYAJny9Q
Azienda+Agricola+Varesina,Emilia+Romagna,Italy	3/Acn8ft2bCJ.a9Flz9Q
Azoia,Lisbon,Portugal	8/zWbihSOeApprI70
Azzate,Lombardy,Italy	1/e3weFnCeAJxH4.U
Bad+Tölz,Bavaria,Germany	1023/by4djTifApqDyGM
Baggs,Wyoming,United+States	1/0zOkDCSbApmcvh7V
Bailey+Island,Maine,United+States	21/5JUP2UebApnQ0xhr
Bais+City,Central+Visayas,Philippines	1/mVL82BqYAJXee_2E
Balbins,Balbins,France	1/fLirks6YA5oGLrT4mw
Ballinvoher,Ballinvoher,Ireland	10/8BsiSEybAZxZq.3.Iw
Ballychatrigan,Scotland,United+Kingdom	106/J0bQjx.YAJqxaQ
Baltimore-Washington+International+Thurgood+Marshall+Airport,Baltimore-Washington+International+Thurgood+Marshall+Airport,United+States	13/QmxGUj2YA5nPqc_tWQ
Ban+Khlong+Nonsi,Trat,Thailand	16/DW1_jDuYA5x8.QSz
Ban+Phu,Udon+Thani,Thailand	2/izq7MWCYA56Sgezy
Ban+Yan+Sawai+(1),Nakhon+Sawan,Thailand	82/ozUTMQqYA55NJovt
Banchory,Scotland,United+Kingdom	7/ga3dIXKYAJt_tA
Barceloneta,Barceloneta,Puerto+Rico	8/52ixCmeYB5y.5lc
Barda,West+Bengal,India	2/soFcgrGbCJxBsdDt9w
Barnwell,England,United+Kingdom	47/0MaiC1uYAJXeTg
Bass+Harbor,Maine,United+States	18/xQUWhy6bApmpZz60
Bath,Ohio,United+States	9/ngi425abApkWo.zg
Batum,Gelderland,Netherlands	16/4MQHvUWeAp4gTjQ
Baturiti,Bali,Indonesia	10/5xkMA1WYAZgGcnqE
Baule,Centre,France	6/rca4LcacBpSPWOE
Bayonne,New+Jersey,United+States	540/wDLqUdGbApoTPZSV
Baztan,Navarre,Spain	2/p4dd0OybA5pc.E1wAw
Bażanowice,Silesian,Poland	7/4G9yhz2dCZm7IKU
Beachborough,England,United+Kingdom	3/1QlHpTybAZymNsQesw
Beberbeck,Hesse,Germany	20/avyeI2.fAptRYuI
Beblenheim,Beblenheim,France	1/XwyiaoebAZz0UuC9rQ
Bedizzano,Tuscany,Italy	2/576ObuWeAJw3mU4
Beloeil,QC,Canada	1/vdjNhBGcBJW82tIQhQ
Bengazi,Banghazi,Libya	2/hhLnqM6YApmW2w00 9x2oBJeYApl5L_5Q
Bernalda,Basilicata,Italy	2/.mIASf.eAJxQiMo
Berry+Pomeroy,England,United+Kingdom	1/FB5ZCaeYA5i9vw
Bersham,Wales,United+Kingdom	8/V7uUCymYA5ib2w
Berzano+di+San+Pietro,Piedmont,Italy	1/kjYEWyWeAJz35BM
Besakih,Bali,Indonesia	113/8qC8j5.YAZgiQ_ZG
Besozzo,Lombardy,Italy	4/i34yaDKeAJyTVa8
Besse,Auvergne,France	12/ftIumAacBpV3QFk
Betancuria,Canary+Islands,Spain	5/huOZMy.eBJi0lqQ
Bethlehem,New+Hampshire,United+States	1/H5JAOgebApo5oLSH
Bhagabatipur,Orissa,India	1/hPt6o66bCJzsOK.tEw
Biggar,Florida,United+States	16/Q1ifBLKbApplv7iv
Binidalí,Balearic+Islands,Spain	20/RKMnnWebAphaD5Zj4g
Binnaway,New+South+Wales,Australia	19/4W0XsS.YAJwymwj4
Bisceglie,Bisceglie,Italy	7/81bNDNGYA5ru1kBaLg
Bishop+Auckland,England,United+Kingdom	18/iXn6m5yYA5tQIg
Bjärred,Skane,Sweden	6/KURTZlWRCZouLec
Black+Rock,Arkansas,United+States	16/6FmpP5qbApoxxA.l
Blackawton,England,United+Kingdom	2/eDSw.BuYA5SmAw
Blackrod,England,United+Kingdom	7/_b6Ogk6YA5WQZQ
Blatten,Canton+of+Valais,Switzerland	2/Q2_5Ra6eCZ261GU
Bloedel,British+Columbia,Canada	3/BspXeYeQBJ06
Bloudrif,Free+State,South+Africa	2/QmVZrJ2YBJslHpAb
Bo'ness,Scotland,United+Kingdom	571/S_lOxzOYAp0QbA
Bolton,New+York,United+States	46/N5ec8t6bApotVBDr
Bordeaux,Aquitaine,France	907/9WvF2L6cBpvK2Gw U5KtdCecB5yy3SAyGA P4b5uw6cB5xrtpPsqg KxjGWGucCZxPBdA mKu21xKcB5zfsQ9bEA 8pKYJDGbAZ2nulljmQ _95mwLacB5yhud.OIw QHoJjcScCZ.LAUo p0nHC1OcB5x.RKICrA
Bordonchio,Emilia+Romagna,Italy	10/AMHKs0yeAJ0LDgY
Borghina,Piedmont,Italy	1/lXTh0fObAZ0RLO2apA
Borki,Masovian,Poland	4/s8Y_m6.dCZt2K.s
Bourgneuf-Val-d'Or,Burgundy,France	34/SMgWOq2cCZ1PO4A
Braccano,Marche,Italy	1/uej6HN6bAZ0QABbELg
Brackendale,British+Columbia,Canada	1/A7_KBr2QBpoX
Braemar,Scotland,United+Kingdom	15/VYJbYVmYApmSEg
Brandbo,Vastmanland,Sweden	2/UH5cgjWRCZvF7ww
Brandeis,California,United+States	1/VNxD9ZabAppop6Pb
Brandwica,Subcarpathia,Poland	1/IngzcuedCZuTvMI
Brandy+Wharf,England,United+Kingdom	6/c.pfplqbAZzbSKXvFA
Breslau,Ontario,Canada	11/7L_FLJ6bAp_LKz3JQw
Bretton+Woods,New+Hampshire,United+States	3/CdQFFV.bApouRwVO
Bridgetown,England,United+Kingdom	9/ryefWXWYApSDKw
Brienzwiler,Brienzwiler,Switzerland	7/bfj63pqYA5rKxqh0Gw
Brisighella,Emilia+Romagna,Italy	21/9xZkDXWeAJ2MNQU
Bronzolo,Trentino-Alto+Adige,Italy	4/RaO3A.meAJ3iGlM
Brookhouse,England,United+Kingdom	2/aTrqzzKYBZ0NaQ
Brookline,NH,United+States	1/Rc_Upj2bBZXWfPlc
Buccheri,Buccheri,Italy	5/zYPBUOSYA5q0Fty1lA
Buckland,England,United+Kingdom	3/Ktgof4OYBZ9LFg
Builth+Wells,Wales,United+Kingdom	16/S7vlehOYBZiftw
Bujaraloz,Aragon,Spain	8/.nM93TOeBJkKhOU
Bukit+Merah,Perak,Malaysia	2/aP6Pq5.YAJl._fIg
Bulbula,Oromia,Ethiopia	7/3_y_k9eYBZRMVMDZ
Burbank+Glendale+Pasadena+Airport,Burbank+Glendale+Pasadena+Airport,United+States	4/IWoPP62YA5nZkwnrXQ
Burnt+Factory,West+Virginia,United+States	12/rh_A94ebApsvWvSE
Buskett,Malta+Majjistral,Malta	4/Ig9s.ueYAZp3EV911A
Cabestany,Cabestany,France	2/NEh.2ruYA5qaKdDNMg
Cachoeiro+de+Itapemirim,Espirito+Santo,Brazil	24/kyKMEROdBJn4s58
Cairns,Queensland,Australia	7/CyrdN2GYAJyPAmWm
Cala+di+Volpe,Sardinia,Italy	74/QOtOEr6bAZ3GRZ1v6A
Calasetta,Sardinia,Italy	9/YLNG8KGeAJ0mLog
Calatabiano,Calatabiano,Italy	10/rPCJLRmYA5oIKTYBfQ
Calke,England,United+Kingdom	6/cBDBJDWYBZX49w
Calonge,Calonge,Spain	12/R2uVKriYA5qea2kP4g
Camaleño,Cantabria,Spain	43/azTRBdSeBJke5Iw
Cambron-St.-Vincent,Hainault,Belgium	17/AJYJOAeQB5TE9hI
Caminho,Viana+do+Castelo,Portugal	4/wZ1a8i2eApsC_g0
Campagnano,Lombardy,Italy	23/gIAQam2bAZ3VGedZjg
Can+Blanc,Catalonia,Spain	2/1ClbJKWbCJ9.Os_rHA
Can+Josepets,Balearic+Islands,Spain	13/Z0JgeFibAZ4MWhtlzw
Candelara,Marche,Italy	14/0UzeAhOeAJ2XOoA
Candikuning,Bali,Indonesia	3/J18gsNecB5w.6_oFrA
Cap+d'en+Font,Balearic+Islands,Spain	17/XaW14kGbCJ.pbm4pAg
Cardiff+County,Cardiff+County,United+Kingdom	43/t35nZU6YA5pFAJvIsw
Carentan,Basse-Normandie,France	1/l5GbDLScCZ8bu1Q
Cargèse,Corsica,France	97/597GrPmcCZ9cLG0
Carnlough,Northern+Ireland,United+Kingdom	1/Q1rRCh.dBZqQOw
Carpino,Puglia,Italy	2/9nZ5UvOeAJ5XYR8
Carseland,Alberta,Canada	2/X5_k9TqRBpQM
Carterton,England,United+Kingdom	1/bunKa46YBJ.3xw
Carugate,Lombardy,Italy	43/sJp70gyeAJ7UhLw
Cashel+Urban,Cashel+Urban,Ireland	46/AmpDlB6bAZyg1_n4fg
Casino,New+South+Wales,Australia	9/oiN182mYAJxL2jq8
Castagnole+Monferrato,Castagnole+Monferrato,Italy	2/lLHCYCqYA5pJrI0arg
Castelginest,Castelginest,France	1/U0m_XWOYA5r8E.Wh7A
Castiglione+di+Sicilia,Castiglione+di+Sicilia,Italy	132/vD2lIsKYA5rPbj2LXw
Castillos,Rocha,Uruguay	2/4.hefDCaCZzRYwo
Castlewellan,Northern+Ireland,United+Kingdom	160/6eUHUG2dBZpIPA
Catrivana,Lisbon,Portugal	4/8faITwmeApWAc6I
Cavan+Urban,Cavan+Urban,Ireland	1/1ONL65ibAZy9lNO09g
Cañizares,Castille+la+Mancha,Spain	13/Op7KwMqeBJmnVX4
Cedar+Knolls,New+Jersey,United+States	3/TIo0n8KbApuiPRkD
Cedro,Ceara,Brazil	4/U1vuvD.dBJv_eRI
Ceilandia,Distrito+Federal,Brazil	28/IlvczradA5VSEoE
Celada+(La),Andalusia,Spain	3/D0_upxWbAph3zHF_3A
Centerbrook,Connecticut,United+States	2/1fOSpoebAptvYiWl
Centre+Island,New+York,United+States	2/DThQbKubApt3Nwkw
Cesano,Lombardy,Italy	12/Sibe.0yeAJ9Zq5A
Cesena,Emilia+Romagna,Italy	157/G6V1cuaeAJ9Le1o
Chamartín,Chamartín,Spain	1/Isgq4C6YA5rvDIatHA
Charsadda,North-West+Frontier,Pakistan	1/Qo2iMOubA53pcS5w
Chastanier,Chastanier,France	4/Gdr89debAZ6musaTzA
Chaumont,Centre,France	14/azISCe.cCZlHl3o
Chaumont-sur-Loire,Chaumont-sur-Loire,France	407/.t6skdWYA5oV5h2D6Q
Chautauqua,New+York,United+States	7/39CoVtqbApsapA3f
Chauzon,Chauzon,France	1/O4wqSd.bA5ulaTvjwg
Chechło,Lesser+Poland,Poland	15/TUFq_06dCZVMHvU
Chegutu,Mashonaland+West,Zimbabwe	5/zeU.g6uYBZr.y8Bs
Chemilly,Franche-Comte,France	1/kjGV5r2cCZkl2H4
Chencun,Guangdong,China	11/cWIEPxSbAJoLU7Y8
Chenkalady,North+Eastern,Sri+Lanka	1/_G0nnYObAJtyrXHj
Chepstow,Wales,United+Kingdom	25/Gn52ya2YBJS.Eg
Cherokee,North+Carolina,United+States	14/bDo2NzqbApvLhCF9
Chesterton,England,United+Kingdom	6/CwdppSiYBJSbQA
Chieuti,Puglia,Italy	397/Wi9qghGeAJj2L7M
Chilworth,England,United+Kingdom	1/G3i0dMCYBJXrww
Chipman,Alberta,Canada	9/S15ljLGRBJyk
Chiquila,Quintana+Roo,Mexico	55/FxIbjKOYAJpn.5Q
Christiansburg,Virginia,United+States	1/r.6C_2GbApRCUM2K
Chrást+nad+Sázavou,Středočeský,Czech+Republic	12/CEmogjueCZt44t8
Chépénéhé,Loyaute,New+Caledonia	2/89l7yuWYAZgnI1f9
Cima,California,United+States	6/uP4jkTWbApS2YUEF
Cimacan,West+Java,Indonesia	1/TIOlG.yYAZ9pYezr
Citepus,West+Java,Indonesia	2/hwZMhdOYAZ9QWsJp
Ciudad+Melchor+de+Mencos,Peten,Guatemala	1/C6kMRLyRAJUU8g
Clarkesville,GA,United+States	1/oqQKLmKbBJwgeL4N
Cleehill,England,United+Kingdom	8/POHX0gaYB56ndw
Cleland,South+Australia,Australia	1/6bLI6xKbCZlUDtzFCA
Cleveland,Tennessee,United+States	38/x7XrcQibApSV_vGG
Cliffoney,Sligo,Ireland	1/ZANKAUycB5zXg0E
Climax,Georgia,United+States	1/KZs3yPKbApR5g6yJ
Coatsworth,Ontario,Canada	1/0ZhNoo2bAp_3gRwxWA
Cochran,Texas,United+States	1/Hjd6dSabApSYL7vC
Cocoa,FL,United+States	8/rIKGhOScB5yjbjogfg
Coelbren,Wales,United+Kingdom	11/qMkR6OyYB5kMoA
Cofete,Canary+Islands,Spain	1/Ux4HX3SeBJvrtDo
Colatina,Espirito+Santo,Brazil	1/Dx4eNnedBJmMk9E
Coldeládrones,Aragon,Spain	1/Fi4yWoibAZ7Z.y0gPg
Coldstream,British+Columbia,Canada	6/lD3xEQyQBp01
Colle+Barucci,Tuscany,Italy	68/kpuojF.bAZ3rkJE15w
Cologny,Cologny,Switzerland	30/iPxnH0KeCZ4PTjY vS1Y782YA5op6bRZOQ
Como,Lombardy,Italy	171/SmVTUbWeAJgUQL4
Compet,Trentino-Alto+Adige,Italy	1/VBCNmRmbAZ2714F6SQ
Compton+Abdale,England,United+Kingdom	6/IPOXFC.YB5tXsA
Concord,CA,United+States	4/Ekbgy5ObApThTckS
Concord,Ontario,Canada	197/yExJR8edBZls
Conio,Liguria,Italy	57/_mg2hFeeAJgJ7b4
Conon+Bridge,Scotland,United+Kingdom	12/MB64cDeYB5ulJA
Conques,Conques,France	5/oZwtVf6YA5qGQMBplA NjZxOTebAZ19PzMPxQ
Continental,Arizona,United+States	1/PuS2bMWbApSLEA.K
Copertino,Copertino,Italy	1/ZyPvzoWYA5ocJZ0EdQ
Corleone,Sicily,Italy	13/OMBsRkOeAJgpdUM
Cornwall+Bridge,CT,United+States	15/CloyxGebBZrlCXCu MMkA1webApstf3js
Cosby,England,United+Kingdom	57/iYVcji6YB5Xt7A
Costa+di+Conna,Liguria,Italy	4/JkVrscubAZ3vV4PzKg
Cox+Ferry,Louisiana,United+States	3/.7tDotmbApTqcxkR
Crawley+Borough,Crawley+Borough,United+Kingdom	2/x7Bmk4aYA5pVNsOfog
Cremona,Cremona,Italy	233/SP_QFa2YA5qVNPhYSw
Cressier,Cressier,Switzerland	1/jW9nSoSYA5pI1Sy5Cg
Crestwood,KY,United+States	7/ONSlBpibBZwoP6ez
Croisic,Croisic,France	3/PtsndFaYA5peGO14HQ
Crystal+Lake,IL,United+States	1/p2wukP6bApSi17bN
Cuarte+de+Huerva,Aragon,Spain	2/vv0M_nWeBJTmNZ8
Cucullú,Buenos+Aires,Argentina	1/s82PWSWdB5k35yA
Curzo,Corsica,France	1/qxnijnibAZ7WhTK1xg
Céligny,Canton+of+Geneva,Switzerland	2/eFlBmWieCZ4MrzQ
D'arcy,British+Columbia,Canada	2/EywfO22QB5.3
Dachsen,Dachsen,Switzerland	1/1m4tbN2YA5rRZCxc0w
Dane,Wisconsin,United+States	2/0_SuTnSbApQ7.GAP
Datong,Shanxi,China	21/FsqxOCibAJkOFiL1
Davoli,Calabria,Italy	1/7jvLoR.eAJigzAM
Dayapur,West+Bengal,India	1/f4uQOWWbCJzDUl0EJg
De+Haan,De+Haan,Belgium	7/me9jGtWYA5owLGl5tQ
De+Heikant,North+Brabant,Netherlands	5/mursBFmeA5XWXmQ
De+Peulen,South+Holland,Netherlands	2/h7KUONGeA5S.1gg
Dearmanville,Alabama,United+States	49/UmzJQMKbApXBcVm7
Decima,Lazio,Italy	8/4BNAfveeAJhrNPk
Deeping+Gate,England,United+Kingdom	12/eN8zD4yYCZzdkA
Dejo,Galicia,Spain	2/FhzKjM2eBJQ_Ow4
Delhi,Oklahoma,United+States	3/0H9tyv6bApUh2G5k
Delwood+Beach,Florida,United+States	1/3IEyq4SbApXFajfj
Desert+Beach,California,United+States	5/8jRnNFqbApUXPWAD
Dewitt,New+York,United+States	1/BFlDJgSbApXtY200
Diamond+Beach,New+Jersey,United+States	64/ThH_FvmbApg9j.x8Ig
Dinas+Powis,Wales,United+Kingdom	1/0MVk4OiYCZ2O8g
Ditræu,Harghita,Romania	1/VeZKt7WRBp3aWsc
Dixon+Springs,Illinois,United+States	13/RSgobRKbApX44jz8
Dixville+Notch,New+Hampshire,United+States	11/9TG4yNObApV4PdLi
Djanet,Illizi,Algeria	41/eGkzLHWYA5nY4SXk
Dolinskaya,Kirovohrad+Oblast,Ukraine	1/vzYc8ZOQAJUNJMY
Donner,California,United+States	3/1HHlD62bApUI4Pr2
Dorchester+Crossing,South+Carolina,United+States	2/jZOKaqKbApUf9mZL
Dordrecht,South+Holland,Netherlands	75/aGHwZgeeA5T8g1U
Drensteinfurt,North+Rhine-Westphalia,Germany	2/JNQQbaifBZlHBJg
Driffield,England,United+Kingdom	61/7wnTPbCYCZiIhw
Druimindarroch,Scotland,United+Kingdom	2/_6QCdVGbAZw9yp9vcg
Drumcreehy,Drumcreehy,Ireland	38/hFhYvTCbAZxaZEQgzg
Drumettaz-Clarafond,Rhone-Alpes,France	1/or5pRYqcCZVdNbo
Dunbar,Wisconsin,United+States	3/wLJirs2bApVCLMGk
Dunkeld,Scotland,United+Kingdom	21/6BYNJfSYCZqgPQ
Dupont+Springs,Tennessee,United+States	57/kk9H9k2bApVuINJr
Durtol,Durtol,France	1/JHUCbSKYA5pc_7SeJQ
Earby,England,United+Kingdom	2/u_O1eoGYCZR1kw
East+Kirkby,England,United+Kingdom	142/XRrHB6KYCJxPhw
East+Leake,England,United+Kingdom	5/na9y6WOYCJw4_Q
East+Wellington,Utah,United+States	1/5HVCVOmbCZ.U7zWqCQ
Eatonton,Georgia,United+States	13/7YYZDKabApXzTrS0
Edessa,Edessa,Greece	3/wdGrkqibBZlOsd5Pfw
Eendragt,Zeeland,Netherlands	5/F7GZljyeA5Tj64Y
El+Alisal,Salta,Argentina	2/7RlElMWaApx__TM
El+Encanto+Heights,California,United+States	40/feggmB2bCZvtOjStdA
El+Lentiscal,Andalusia,Spain	3/bB4JxQ6bAZ6psfwDSQ
El+Paular,Madrid,Spain	5/kYwcUP.bCJ9tv4TfaQ
El+Pinar,El+Pinar,Spain	3/ySaFukiYA5rWLRZ2tw
El+Rosario,Cordoba,Argentina	1/C1sieZKaApwULZg
El+Suculum,Canary+Islands,Spain	36/P0_HPKebCJ9nbEPWeg
Elko,NV,United+States	5/VT3gpmObAplFqCwM
Ellinjaa,Queensland,Australia	36/ewKo.8mbCZnt0d8Sdg
Elliot+Lake,Ontario,Canada	17/aZvSwWuaA5ze
Emarese,Emarese,Italy	3/w_DUTxaYA5p_DkjZnQ
Ennis+Urban+A,Ennis+Urban+A,Ireland	19/3ZNNDMybAZwnk3gC3w
Entrevaux,Entrevaux,France	1/ZZn5SWObA5uDjTj1nA
Ercolano,Campania,Italy	23/7_MSkWaeAJn3lD4
Espalion,Midi-Pyrenees,France	13/uql25RScCJxqxKU
Espergærde,Hovedstaden,Denmark	9/1bfmhfucBJt5P0U
Esquinzo,Canary+Islands,Spain	63/pg.n2ZmcB5wToKHnxQ
Eugui,Navarre,Spain	8/p0jWj2meB5zG2hQ
Eureka,Nova+Scotia,Canada	28/FGo1cRKbAp9NnpmSmg
Evolución,Mexico,Mexico	7/KdLT14.YA59i7II
Exfiliana,Andalusia,Spain	1/bPXusiaeB5xrfVQ
Fabberg,Syddanmark,Denmark	6/eNDhN6ycBJ.TaJQ
Fairbourne,Wales,United+Kingdom	12/bNr0_cOYCJREnQ
Fairburn,England,United+Kingdom	4/3OQga3SYCJQ_vw
Fairfield,Pennsylvania,United+States	9/ofmIrh.bBZz95_pb
Fairhaven,California,United+States	97/xBq0FgObBZzF_Swm
Fallen+Leaf,California,United+States	22/IQUfi32bBZxIzJ1f
Faxfleet,England,United+Kingdom	1/f2H6Vu2bAZ61wA
Fenton,Missouri,United+States	3431/8qGa5gqbBZxvRjt_
Fermelberg,Canton+of+Berne,Switzerland	1/ZpwqkUieCZ7pN7E
Fernleigh,New+South+Wales,Australia	3/DZQDJ_SYAZX8f9AJ
Feuersbrunn,Lower+Austria,Austria	1/RPfAW6OcBZ0EZX0
Fiesole,Tuscany,Italy	52/mI2BNLqeAJnzPs0
Fischenich,North+Rhine-Westphalia,Germany	31/ArFIPzefBZU0mL8
Fishlake,England,United+Kingdom	2/YW6pm3ObAZ6zgg
Fiume+Veneto,Friuli-Venezia+Giulia,Italy	1/Ef7tJUGeAJma5vY
Five+Mile+Fork,Virginia,United+States	204/4.lkDuibBZwz_Ay_
Fleenor+Spring,Virginia,United+States	1/Ln.dFWKbBZyz2N1w
Flower+Mound,Texas,United+States	807/80HgdC6bBZwyIQvx
Fogarasch,Brasov,Romania	11/D2MEf2qRBp5VMxs kWxrIvGRBp1EwLA
Fort+Mcallister,Georgia,United+States	19/Ojc25lGbBZy3uhma
Fountain+Indian+Reserve+11,British+Columbia,Canada	21/vId1GJubCJ9l49fC8w
Frassineto,Tuscany,Italy	2/55FtoWabCJ8vZSEYuQ
Freckleton,England,United+Kingdom	71/RZX0nPGbAZoekA
Freeport,ME,United+States	2/CwhrqIKbApRbYAfx
Frenier,Louisiana,United+States	10/0lZaTJibBZwVDTqp
Fresh+Meadows,NY,United+States	11/o.LoqLSbBJ1JvFZq J.vUuZGbApn7_KR2ZQ
Freshwater,California,United+States	9/fQPtXnSbBZxNaJkQ
Fresnay,Centre,France	41/Fq1BpoycCJ6Fzmg
Freys+Hill,Kentucky,United+States	1/vGX556KbBZyXsZi_
Frimley,England,United+Kingdom	168/f20uFy2bAZpiKA
Frößnitz,Saxony-Anhalt,Germany	1/onFcT1efBJ0RQsM
Fécamp,Fécamp,France	1/W3z8ldaYA5rO.VmmiA
Gainesville,Georgia,United+States	124/r_crGp6bBZz7r5HH
Gairloch,Queensland,Australia	1/9PzFVmaYAJx9lw9z
Galatina,Puglia,Italy	2/5FWiWRmeAJldrrM
Gallecs,Catalonia,Spain	1/ixz_JnibCJ9EjROYHA
Gamble's+Green,England,United+Kingdom	1/wAQmHIGbAZywQDf2pw
Gantners+Landing,Maine,United+States	1/GeumQR6bBZxakMIC
Garbagnina,Piedmont,Italy	1/JTrOz2ebAZ0xSqBtRA
Gardone+Riviera,Lombardy,Italy	137/Miq6XDKeAJoxcoM
Garza+García,Nuevo+Leon,Mexico	65/qmRD1VCYA58YSJg
Gelendzhik,Krasnodarskiy+Kray,Russia	6/q32sak2bAZyWpifP
Gelsenkirchen,North+Rhine-Westphalia,Germany	19/BVMFtbCfBJ7aCPM
Gemeinde+Altenau,Gemeinde+Altenau,Germany	4/vd4LjBiYA5piaMr5yw
Gemeinde+Dietenhofen,Gemeinde+Dietenhofen,Germany	59/EIpapJqYA5pK2nzH1Q
Gemeinde+Engen,Gemeinde+Engen,Germany	32/ZF2pvN6YA5rVXGl7lQ
Gemeinde+Krün,Gemeinde+Krün,Germany	13/2393NHyYA5p8hFbK7A
Gemeinde+Lauchringen,Gemeinde+Lauchringen,Germany	1/aeKcsmOYA5pRBG3CTg
Gemeinde+Neckargemünd,Gemeinde+Neckargemünd,Germany	2/dac0spWYA5rLmQNF6Q
Gemeinde+Obermaßfeld-Grimmenthal,Gemeinde+Obermaßfeld-Grimmenthal,Germany	4/AiS8FZ6YA5pYsR3Plg
Gemeinde+Oranienburg,Gemeinde+Oranienburg,Germany	11/CjX1IwCYA5rXtMViQw
Gemeinde+Wolfratshausen,Gemeinde+Wolfratshausen,Germany	2/pO.QqFeYA5rsOGpaWg
Gemeinmarkhof,Baden-Wurttemberg,Germany	69/8272kSSbAZ1I.xm83w
Gen+E+L+Logan+International+Airport,Gen+E+L+Logan+International+Airport,United+States	174/DKKWntGYA5lC843Ftg
Geneva,Geneva,Switzerland	4/GYygPyKYA5qy1EbNIQ
Gerberoy,Picardie,France	10/t7WWiOucCJ6aR5U
Gesturi,Gesturi,Italy	54/FscqhVSYA5oYwK2h2Q
Giesen,North+Brabant,Netherlands	4/Zc2LxrieA5W.JKw
Gilette,Provence-Alpes-Cote+d'Azur,France	10/uZNgdHucCJ5htIw
Gilford,Northern+Ireland,United+Kingdom	1/lKRwczadBZRQkw
Gião,Porto,Portugal	1/ajCBajqeBZ0vX4A
Glengarry+North,Victoria,Australia	4/C6aNxambCZlTp.y99Q
Glenoak,Oklahoma,United+States	4/wg_EfCmbBZ2NwuPK
Goose+Bay,Canterbury,New+Zealand	9/Zk9NCeGbAphxWzDw
Gor,Andalusia,Spain	12/Rbl507CeB5250lM
Gorinchem,South+Holland,Netherlands	3/QOH6DwieA5XxV0M
Gorjuµe,Radovljica,Slovenia	2/65WzWimcApyg88U
Goss,Georgia,United+States	6/V0wmNJ.bBZ1l7vnR
Granada,Granada,Spain	15/FgfQy2iYA5q.BFAbYQ OZbE_6ebAZ5tDkJtSw
Grand+Prairie,Texas,United+States	42/ip8HQR2bBZ2y6m2y
Grenen,Nordjylland,Denmark	1/USBalbWcBJ.Fhvc
Gries,Tyrol,Austria	256/pK_e5q2cBJyM0yo
Grover,Missouri,United+States	1/E4jg1H6bBZ1Nuf.L
Großenaspe,Schleswig-Holstein,Germany	59/2NoSsyWfBJiI64o
Grundarfjoerdur,Snaefellsnesog+Hnappadalssysla,Iceland	397/1cozeIaQCZyWfyY
Gua,Gua,Malaysia	3/SOtz_VycB5zdPndmbw
Guda,ZH,Netherlands	131/pYhzRHyeApx9MjA _wJcuq6eA5s9ktk
Guimerà,Catalonia,Spain	14/.xZBRHSeB539S7o
Gunnerside,England,United+Kingdom	25/Dd45oBebA5woUw
Gunung+Semanggol,Perak,Malaysia	1/YSj7iCScB5ybaB3hmg
Gwalchmai,Wales,United+Kingdom	2/mmt5zq.bA5xytg
Gößlinghoff,North+Rhine-Westphalia,Germany	10/i8869f.bAZ1o88lTJA
Gündlischwand,Gündlischwand,Switzerland	1/KhjJkaqYA5qyNevHrA
Habaraduwa+Central,Southern,Sri+Lanka	1/cwp56XGbAJvuYSP3
Hamburg,NY,United+States	8/_xHSzK2bAps36rwp
Hampton,GA,United+States	131/IsjPHhSbBJ1vrq9G
Hangzhou,Zhejiang,China	463/xavvnWubAJ9xoLB2
Hanksville,Utah,United+States	8/qSsymGObBZ07iWuT
Hanover,Manitoba,Canada	13/jqykh9CbCJ9nkuPqVA
Haora,WB,India	6/TzdrKHCcBJWNYbGWBg vKepDbycBJXGlaMilA imxjsRicBJULNlYo5A
Hapuku,Canterbury,New+Zealand	13/AgcMP32bApijxJgR
Haputale,Uva,Sri+Lanka	3/bHJd4OCbAJTRhiu7
Hard,Vorarlberg,Austria	2/QJY3gNqcBJ0W7tw
Haren,Groningen,Netherlands	9/gP5Ab_meA5W0Br8
Hartselle,Alabama,United+States	3/liCt4P6bBZ1kxRIt
Havana,Ciudad+de+la+Habana,Cuba	1862/5mns2QSfApT9oA
Haverhill,Massachusetts,United+States	37/zaRtAyibBZ3F0.h2
Hawthorne,Nevada,United+States	1/MM7B_YmbBZ2Dxlrq
Hayes,England,United+Kingdom	20/FgZ0qribAZzQm0XzyA SeZAyjqbA5jlZg O7MkCw6dAp93GQ
Hazel+Crest,Illinois,United+States	3/XwOPdsqbBZ3Nc0Hm
Heber+Springs,Arkansas,United+States	1/gwpZ.CybBZ3LnzY0
Hebron,Ohio,United+States	12/RPBz3cSbBZ0aV4qv
Heckington,England,United+Kingdom	3/GJJ6xBibA5Ugug
Henningsvar,Nordland+Fylke,Norway	27/2tJkEyqRBJU48os
Henry,Nebraska,United+States	1/1_3PvcmbBZ4bVmzn
Hepworth,England,United+Kingdom	21/lyi225mbApx8PQ
Hergiswil,Canton+of+Nidwalden,Switzerland	4/k6SnmK2eCZ640EI
Hettenhausen,Rhineland-Palatinate,Germany	14/vUb.e2yfBJXMLjA
Hickman,Delaware,United+States	1/xk2.eA.bBZ5B12Nu
Hickory+Hill,Kentucky,United+States	5/3EwbGI.bBZ5R8uab
Hico,Texas,United+States	2/zchyldibBZ6oBApe
Higashimurayama-shi,Tokyo+Prefecture,Japan	26/U80d82CbCZlyUrcdgw
Higley,Arizona,United+States	5/e4Y3S5WbBZ6g9odC
Hill+City,South+Dakota,United+States	7/KnpLWmKbBZ5snkpA
Hodgson+Vale,Queensland,Australia	629/vX_s._ibCZnjkLo4rw
Hoe+Hill,England,United+Kingdom	8/mLQKCLqbApr8sg
Holiday+Shores,Tennessee,United+States	2/ujGVZ32bBZ6RGpai
Holkham,England,United+Kingdom	318/49xUU4CbApqcZw
Hollis,New+Hampshire,United+States	10/qSTsuUKbBZ742Xii
Holwerd,Friesland,Netherlands	2/9QPMqDGeApxj09o
Honda,Tolima,Colombia	16/n7V_cjeaBJtH.n8
Hopkinton,New+Hampshire,United+States	2/4nqp9pybBZ7wnLWZ
Howell,New+Jersey,United+States	20/EA0kXfebApjZmO59sw
Huancavelica,Huancavelica,Peru	2/9fDtU.mdAJRPFDA
Hudson,Wisconsin,United+States	300/0iL7l_ebBZ4f9T7K
Huelva,Huelva,Spain	48/keb76ZeYA5oTpNljvA
Huhtamo,Western+Finland,Finland	1/4ls1kNqcB5lRfZs
Humahuaca,Jujuy,Argentina	7/QzdDLoKdB5vwGu0
Husby,Dalarna,Sweden	1/870aHlOcBJXWrY6oIg
Hyltbakken,Sor-Trondelag,Norway	2/TtN3zY2RB5zS9nw
Héliopolis,Provence-Alpes-Cote+d'Azur,France	1/.5XNl9ybAZ66OTM0Hg
Hórreos,Galicia,Spain	17/6UmayOGeB54Zx1g
Ḩadshīt,Ash+Shamal,Lebanon	24/KahnZcaYCJpWrzW3
Iffendic,Iffendic,France	148/nDcx7XiYA5pfM4HpTw
Illa+de+Arousa,Galicia,Spain	4/idKVE22bAZ6ySlOvrg
Illowa,Victoria,Australia	1/QG_sDdOYAZXZQ7iB
Ilwaco,Washington,United+States	14/cd8vETebBZ67W5sc
Immenhausen,Hesse,Germany	4/GWp9TAqfB59VPmA
Ingrandes,Pays+de+la+Loire,France	6/bqAz03mcCJknhUM
Irotz,Navarre,Spain	1/eC9x.qyeB55je7E
Ischia+di+Castro,Lazio,Italy	63/l8alZiieAJr6rnw
Isernia,Molise,Italy	124/y7r2D2SeAJqBLJE
Islamorada,Florida,United+States	152/aMf0a0CbBZ5creao
Izborsk,Pskovskaya+Oblast,Russia	6/9zzVgwGbAZ2Ds3GV
Izu-shi,Shizuoka+Prefecture,Japan	13/tEkmGMibCZ.1vSlGxQ
Jackson,New+Hampshire,United+States	1/5MuJKDGbBZ6zZpoo
Jalajala,Calabarzon,Philippines	1/KM8adgWYAJUKU3GN
Jaramanah,Dimashq,Syria	3/kxjrvlmYCJiModn4
Jaulín,Aragon,Spain	14/YpOdpnCeB55dpjA
Johanngeorgenstadt,Saxony,Germany	1/X.IjnXifB5hZMTs
Jonesville,Islas+de+la+Bahía,Honduras	5/__HHRfqYAZ5M7FQ
Jongensfontein,Western+Cape,South+Africa	1/ixQ1HjGYBJQ.dMAH
Juliaca,Puno,Peru	1/fbeZppGdAJTXtBA
Järna,Stockholm,Sweden	2/yyDhMC.RCJgGQR8
Ka+Ulu+A+Paoa+Heiau,Hawaii,United+States	11/FGYkSgCbBZ_EpMe1
Kabelvaag,Nordland+Fylke,Norway	7/DgLObASRB5xaeic
Kajansi,Wakiso,Uganda	5/aESqDPmYBZlK0UPj
Kalabaka,Thessalia,Greece	52/OB806syQBJy_GMk
Kaleybar,Azarbayjan-e+Sharqi,Iran	4/ttjLNlGbA5_mgrem
Kamperland,Zeeland,Netherlands	8/.p8IgVieApxBSr4
Kampong+Chnang,Kampong+Chhnang,Cambodia	1/ErEKfaCYAZ7ZeRzl
Kampong+Kelanang,Selangor,Malaysia	3/Qzm8I2aYAJgt7cxf
Kamuela,HI,United+States	25/TSmVgnicBJVIe4UiJA l3.bmpScBJWQdqwwZw C9QTtyycBJUjh7RUNQ
Kandwa,Uttar+Pradesh,India	1/2RNS9eabCZUaouOmfA
Kani-shi,Gifu+Prefecture,Japan	20/6tsUe3KQAZyuag1cQw eFQGhTCYAJ2W0THl
Karlsruhe,Baden-Wurttemberg,Germany	247/xd1NUAWfB5gXSFI
Karoola,Tasmania,Australia	3/9yG9p3mYAZVRrr0Y
Kashima-machi,Kumamoto+Prefecture,Japan	1/lbl2x_WbBZRq3NTavw
Kaxholmen,Jonkoping,Sweden	39/9.2xn0CRCJnci1k
Keaau,Hawaii,United+States	1/u_klS7.bBZ9CMzAR
Kelowna+International+Airport,Kelowna+International+Airport,Canada	1/rMom566YA5lPbHYpTQ
Kenilworth,Illinois,United+States	1/ITfsCYqbBZ.Lbdgi
Kerridge,England,United+Kingdom	79/YMfeDn.bBZQwvw
Kettlesing+Bottom,England,United+Kingdom	2/qMqCq86bBZS47g
Kilchoan,Scotland,United+Kingdom	2/eufEfgqbBZVDGg
Kilcoole,Wicklow,Ireland	9/Xm6xhROcB53M33k
Kilkewydd,Wales,United+Kingdom	2/BTOWVfSbCZQ.158qAA
Kilkis,Kentriki+Makedonia,Greece	72/lKa5zvqQBJ.SyLk
Kilmaloda+West,Kilmaloda+West,Ireland	1/oLpJKhabAZwrUQZ6CQ
Kilravock+Castle,Scotland,United+Kingdom	1/mCS0ZKObAZzPqOEYcA
Kimberling+City,Missouri,United+States	163/hII.qMKbBZ.y15Of
Kingswear,England,United+Kingdom	4/4fkyhJubBJ7Xow
Kinloch+Hourn,Scotland,United+Kingdom	5/94FGdHGbBJ4Daw
Kinlochewe,Scotland,United+Kingdom	11/5ObpeRGbBJ7x5w
Kirby+Misperton,England,United+Kingdom	34/66XV4NKbBJ9Kvw
Kirchbichl,Kirchbichl,Austria	1/5wgHr5KYA5oMDr_SCA
Kirke,Norðoy,Faroe+Islands	4/wIFTzPydBp5dvVk
Klampenborg,Hovedstaden,Denmark	43/Ng0ZLcScBJhHKt8
Klein+Gelm,Mecklenburg-Vorpommern,Germany	3/c7jhvC2fB5p5BXM
Kleinglattbach,Baden-Wurttemberg,Germany	48/_in.A_ufB5r_hHE
Kofele,Oromia,Ethiopia	18/qpdJekaYAp3M7AjS
Koka-shi,Shiga+Prefecture,Japan	1/oAXzyJubCZ.RsFfn0A
Konjšćina,Krapinsko-Zagorska,Croatia	25/FZe8yDCcBJRPlnQFuQ
Kootenay+Bay,British+Columbia,Canada	2/51v66gybApjH_q4KrQ
Koya-cho,Wakayama+Prefecture,Japan	5/HLieULaYAJ3Wx9hS
Kronenhof,Baden-Wurttemberg,Germany	2/8vJrnNebCJ8G2pfxJA
Kränstolppa,Western+Finland,Finland	4/POENlEibApjYZ_mfuw
Kunes,Finnmark+Fylke,Norway	2/JO.PKdyYBJyUt34wjg
Kyustendil,Kyustendil,Bulgaria	419/VeJVJ.SRApuG_bk
L'Aquila,L'Aquila,Italy	11/bJMMRIqYA5pfnAmcJw 8XB7E5ObA5nyuBhJSw
L'vovskiy,Moskovskaya+Oblast,Russia	1/5yR2bq.bAZ_K6MuW
L'île-Bizard,QC,Canada	85/P67cgKCcBJQ8nNHV8Q
L-Imdina,Malta+Majjistral,Malta	7/EzY4_iGdCZ.n4Go
La+Crétine,Basse-Normandie,France	1/ZFAPirWbAZ3s6JPL5g
La+Cumbre,Cordoba,Argentina	5/FXd4coKaAp6FHmM
La+Esperanza,La+Esperanza,Ecuador	8/T2WYFgWbB5SGAcwavQ
La+Ferté-Alais,Ile-de-France,France	2/6uFvtX.cCJSLw8U
La+Gineta,Castille+la+Mancha,Spain	2/87e9OEyeB5.muzk
La+Londe,Provence-Alpes-Cote+d'Azur,France	6/DXBab3mcCJRlki4
La+Motte-au-Bois,Nord-Pas-de-Calais,France	2/IJPDx1ucCJUt_LY
La+Neuveville,La+Neuveville,Switzerland	4/uqOI9vObAZ1W5A81Hw wXtsn1uYA5rBzlVkTg
La+Sône,Rhone-Alpes,France	9/G27QooafAZzCc9U
Lachowice,Lesser+Poland,Poland	2/qdEe7PGcAZ.s2.4
Lafayette,CO,United+States	895/UAzdnCacB5xmHJwMlw 3_7j652cB5xwJ4Ag2g ZT0GtUacB5z00Gp6KQ yhp_6yKcB5wsx5YH0A hxEZvEecB5xdcU1m5g ZQ6u0pecB5xK7ja8Pg 2OIr.b6cB5xXzVsNZA z45Oe2ucB5wXH4jxKA jaMPgZacB5wYb6hPMg ikRVfmecB5xC0fGmMQ
Lago+Viedma,Santa+Cruz,Argentina	14/twDwXXqaAp4.2j8
Lahaina,Hawaii,United+States	979/SYep1ZibBZ.8xyJn
Laird,Ontario,Canada	3/sMuZG4ebApiGIvt0qA
Lake+Goodwin,Washington,United+States	2/IflC_kCbApiZDQABMw
Lambrigg,England,United+Kingdom	1/dQY95GubBJqWWw
Landévennec,Brittany,France	47/gzQlrnifAZ3NvVs
Lansing,KS,United+States	5/YS9g.dibBZR0JE1M
Larass,Sligo,Ireland	1/u3SV.9WcB51hszI
Laroche,Luxemburg,Belgium	28/3OylnnKQBp7Gs1U
Las+Cañadas+Del+Teide,Canary+Islands,Spain	10/B_FodI.cB5zKvWVXxg
Lauder,Scotland,United+Kingdom	9/Z5oOlTqbBJQshA
Laukansaari,Eastern+Finland,Finland	3/JqkKbEqbBJV70LT5yg
Le+Bédos,Languedoc-Roussillon,France	15/TpYR_E2bAZ6SRUtxEA
Le+Chesnay,Le+Chesnay,France	22/2s3rkoGfAZ6NdfA
Le+Génie,Pays+de+la+Loire,France	4/fjI.zdObAZ1XCUNOoQ
Le+Mans,Le+Mans,France	1208/nSUe01mYA5qwyF5lww
Le+Planey,Rhone-Alpes,France	8/rznqPCObAZ64B0VpLw
Le+Quesne,Le+Quesne,France	2/S1diABSYA5rXvGlTxg
Le+Touquet-Paris-Plage,Nord-Pas-de-Calais,France	30/kEAm.A6fAZiB1JE
Leachville,Gauteng,South+Africa	6/i6Yus.WcBJRiwTzCeQ
Leatbeg,Donegal,Ireland	1/JjRq4PGcB512__U
Leesten,Gelderland,Netherlands	2/ZceRMuaeAp1_ELc
Lehnacker,Baden-Wurttemberg,Germany	1/1L6k.u6fBpxuCDA
Lehndorf,Saxony-Anhalt,Germany	1/Kg2mq_2fBpzWpY4
Leire,England,United+Kingdom	4/2tnbuN2bB5z0VQ
Leporano,Leporano,Italy	108/XQa_cZSYA5pSnf6onA
Les+Gauchoirs,Rhone-Alpes,France	1/PexMh7efAZoeSGw
Lesbury,England,United+Kingdom	2/6swBq1GbB52dyw
Leucate,Leucate,France	54/EEMoyFCYA5rnFXHoBw
Leza+de+Río+Leza,Leza+de+Río+Leza,Spain	3/8BQxXO.YA5q7DifByw
Lezoux,Auvergne,France	17/XoRk7FOfAZsUANY
Licola,Victoria,Australia	1/AIAclieYAJx_o79C
Liedolo,Veneto,Italy	3/cMBxbuieAJugxp8
Lillehammer,Oppland+Fylke,Norway	1672/kKRTMWiRB51jZd4
Lillestrom,Akershus+Fylke,Norway	31/RilO4F2RB52E7Mw
Lily+Pond,Georgia,United+States	3/34czSXebBZ9XMMPH
Lindale,Texas,United+States	23/SMxz95WbBZ9glaXL
Lion-sur-Mer,Basse-Normandie,France	2/Tu9eukWfAZQzmAY
Lipová,Olomoucký,Czech+Republic	1/6EjRYfSeCJ5YtXY
Liscannor,Liscannor,Ireland	157/FhjzoaibAZw5F5wcIw
Little+Drybrook,England,United+Kingdom	11/gaierE.bB5gYvg
Littlehampton,England,United+Kingdom	18/ZvpWGtebB5oE2g
Livermore,CA,United+States	362/lUEjtMqbBJw5e2FP JwQLFEKbBJw1U4Xm
Llanmadoc,Wales,United+Kingdom	5/si_kyOibBpx2.g
Llanrhaeadr-ym-Mochnant,Wales,United+Kingdom	1/eb5A_h.bBpx5uw
Llanvihangel,Wales,United+Kingdom	2/WVXCjk2bCZQVCPXFKQ
Llombai,Valencia,Spain	1/IR49XyCeB5kTfys
Lloret+de+Mar,Lloret+de+Mar,Spain	8/JtGoO0eYA5r_bBs1bQ
Lluçà,Catalonia,Spain	44/H3CIVoaeB5nEki8
Lo+Barnechea,Santiago+Metropolitan+Region,Chile	8/vFdrdoSaBZT2.sQ
Lobos,Buenos+Aires,Argentina	16/zWUQqHWdB5o4cQ0
Lodi,Michigan,United+States	16/TmJ6nUKbCZ.3QmUa1g
Lohme,Mecklenburg-Vorpommern,Germany	4/DupHfLafBp7WMh4
Lombo+Do+Urzal,Madeira,Portugal	2/ZbS0ZsCcBJSxGsaT.Q
Lomma,Skane,Sweden	3/ttFzZqCRCJudOWQ
Lomoquiebre,Canary+Islands,Spain	1/HELOsoCcB5wlxGdKCA
Long+Melford,England,United+Kingdom	18/DOzrr6ubBp.Seg
Longford,Wales,United+Kingdom	1/BgeJqMibBph_mA
Loog,Lower+Saxony,Germany	1/HOnRkDifBp4phS0
Los+Corrales,Cantabria,Spain	5/obUr0k2eB5mekgY
Loučná,Ústecký,Czech+Republic	43/hIaQpXyeCJ.vI10
Lozzi,Corsica,France	1/DJdUhF6fAZTAwU8
Lugert,Oklahoma,United+States	19/FkUlNV2bBZia1q_3
Lugnano+in+Teverina,Umbria,Italy	9/33jLsh6eAJukgjw
Lumparland,Lumparland,Aland+Islands	11/fMRgldycB5UelKk
Lund,England,United+Kingdom	2/rm5JYW.bBpUc.A
Luss,Scotland,United+Kingdom	197/zBuL9hebBpWaYQ
Lydford+on+Fosse,England,United+Kingdom	1/LD45OwubCZxnWA
Lympne,England,United+Kingdom	11/UqHVPgmbCZzn6g
Lyngby,Hovedstaden,Denmark	73/QMOuAZucBJj_6Qg
Lyon+Airport,Lyon+Airport,France	3/fewDU7uYA5lBbEf_0A
Lyon-6e+Arrondissement,Lyon-6e+Arrondissement,France	42/8X1qt3ubBZRV7KDFYQ
Maasland,South+Holland,Netherlands	27/B3akT0GeAp0cCqA
Macau+Airport,Macau+Airport,Macau	786/ZSw9kpKYA5lYF7EUrw
Made,North+Brabant,Netherlands	3/ut8wyX6eAp1QDlA
Madison,NH,United+States	5/kbiPghmbApX519J6
Magreglio,Lombardy,Italy	1/SM_f2HebAZ3cpNWvbg
Maiskhal,Chittagong,Bangladesh	10/wZNxewqYCJzXcB0r
Makov,Plzeňský,Czech+Republic	2/BSOUcweeCJ_l6nc
Malabar,Florida,United+States	26/mhVjACebBZimjlxt
Maleme,Kriti,Greece	16/6uI8QPWQBJrZo.M
Manali,Himachal+Pradesh,India	27/qt9YZ6SbA5WvhEwN
Mandrakion,Notio+Aigaio,Greece	25/VjumppCQBJqWSIQ
Manila,California,United+States	9/M2akYeKbBZhWpI_C
Manilva,Manilva,Spain	4/RALvWi2YA5rPJ6wSEQ
Manistee,Michigan,United+States	39/mnpYmdqbBZgAKmPV
Maranovići,Dubrovačko-neretvanska,Croatia	5/WS0AeZGRBZVCUjs
Marks+Tey,England,United+Kingdom	14/AlU8eAqbCZ9H9A
Marna,Minnesota,United+States	1/UcFitYGbBZj4plbD
Marradi,Marradi,Italy	1/YuOm.OSYA5rTTimmhA
Mascarino-Venezzano,Emilia+Romagna,Italy	3/sZKOC66bCJ.KwelslQ
Massino+Visconti,Piedmont,Italy	1/cwdq9BWbAZ1E71tHOA
Matipó,Minas+Gerais,Brazil	6/nZxZT0mdApUHmwI
Matsuda-machi,Kanagawa+Prefecture,Japan	8/ZpYgiKiYAJ2CZd2S
Maurice,South+Dakota,United+States	1/Zmr5dICbBZj8sa2S
Maxwell+Air+Force+Base,Maxwell+Air+Force+Base,United+States	591/EU5xjsqYA5l9MtX91Q
Mclean,Texas,United+States	9/128ArI.bBZilDNRJ
Mechanicsburg,PA,United+States	74/BbYJwBCbBZT3pMgw 0jBWKDqbBJ3srXjd NgsLpxObBJyn.Y29
Mechelinki,Pomeranian,Poland	2/aZLPVQGcAZpQgiE
Mediana+de+Aragón,Mediana+de+Aragón,Spain	2/miXrXJ.YA5oSUDZifw
Medolla,Medolla,Italy	3/OnCWwO.bAZ241DqXhw wCiVlPeYA5pfngEyXA
Mehedeby,Uppsala,Sweden	5/QlNZU0WRCJSJcMU
Meirengos,Galicia,Spain	1/vakh8SueB5rzn5s
Mekar+Wangi,West+Java,Indonesia	1/SWGlBL6cB5zZpRFmrg
Meknes,Meknes,Morocco	72/xGxN8MGYBJ.9I4C7
Mendata,Basque+Country,Spain	778/tps1QJOeB5sT9NM
Mercato+Vecchio,Veneto,Italy	2/nzrLYgSbCJ.Kga7cZw
Michaniona,Michaniona,Greece	2/trqZp8KbBZmHK0mZxA
Middle+Woodford,England,United+Kingdom	36/lt1Fy4ubCZR8Ew
Middleham,England,United+Kingdom	4/KM5YdumbCZS3Bg
Midhurst,England,United+Kingdom	14/yBuTLDabCZWEDQ
Midwolde,Groningen,Netherlands	2/aXPJn9ueAp1a4lg
Mielno,Mielno,Poland	21/3sqip4qYA5p36FsoPQ
Miercurea-Ciucului,Harghita,Romania	2/x1S4ZYaRCZ4uZ7g
Mikra+Volvi,Kentriki+Makedonia,Greece	4/MS.HbDqQBJt9.Dw
Milho+Verde,Minas+Gerais,Brazil	17/aOQ4wUedBZx0p7U
Milton,New+South+Wales,Australia	21/JE4G.JeYAJxOxinL
Minervino+di+Lecce,Puglia,Italy	1/SgzGBeueAJTCDMs
Mirca,Splitsko-Dalmatinska,Croatia	1/XPvjMleRBZUb_Jo
Mitropolis,Kriti,Greece	33/dG50nfaQBJucvag
Moffat,Texas,United+States	3/.dCN8dqbBZmGFBlU
Molndal,Vastra+Gotaland,Sweden	8/2t9GSL.bAZ3zXGo7Kw IxS7muWbAZ3k0yAa5w
Monee,Illinois,United+States	313/1PhgPuObBZn4ggPj
Montaña+Blanca,Canary+Islands,Spain	148/7scOV0ubCJ_mnOF4zw
Montelupone,Montelupone,Italy	3/RpJRmUaYA5qZuugWng cHlU53.bAZ0vf2usPA
Monteriggioni,Monteriggioni,Italy	3/wYix01yYA5pdIwpz9w
Montesilvano,Montesilvano,Italy	4/.tbnmNCYA5r58ExxoA
Morton+Bagot,England,United+Kingdom	24/h_17Nd2bCJ.JIA
Moskovskiy,St.+Peterburg,Russia	8/_nGps2WcBJS.cj.zfA
Mountain+View+County,Alberta,Canada	5/zPXNb1ObCJ8HCHYQXQ
Moyallan,Northern+Ireland,United+Kingdom	10/nF59rQudBJzbBQ
Mucuripe,Ceara,Brazil	19/o6_3QW6dBZ08lgo
Mudjimba,Queensland,Australia	1/ixL2wsSbA5vbzW_OtA
Mulgoa,New+South+Wales,Australia	6/V4ayZtGYAJwdoRbG
Mungrisdale,England,United+Kingdom	1/rBISe2WbCJmaJQ
Murrieta,California,United+States	40/6uiHyiabBZkSoSmC
Muscat,Masqat,Oman	37/W5z9mbSbA5r1U.SP
Muskiz,Muskiz,Spain	88/uXW9d_qYA5qmOcRa1w
Mustang+Ridge,Texas,United+States	15/aqkuHuubBZn93jo6
Mérindol-les-Oliviers,Mérindol-les-Oliviers,France	3/0oNG_TuYA5qV7r.SRA
Mörarp,Skane,Sweden	1/OqRWooCRCJQLFos
Mělník,Středočeský,Czech+Republic	1/jMSGJMGeCJ_bhUI
Nabiac,New+South+Wales,Australia	11/D8.wvrGYAJwTybYe
Nags+Head,NC,United+States	55/b8Uqu4GbBJ2MNiCp
Nakhon+Nayok,Nakhon+Nayok,Thailand	3/bbS2IEKYA55WzWYi
Nakuru,Rift+Valley,Kenya	29/0wtcF.GYBJ47tmR2
Namsskogan,Nord-Trondelag,Norway	10/bxA5D4ORB54TgdQ
Nanhui,Nanhui,China	14/w4lwTuCYA5rYTIJEGg
Nanjhuang+Township,Nanjhuang+Township,Taiwan	23/hW9GeDabApzcjjoh
Napier,Western+Cape,South+Africa	5/9Wx7cVWYBJQ_K0Ko
Naranco,Asturias,Spain	41/BA8B9w6eB5TZSq8
Narva-Joesuu,Ida-Viru+County,Estonia	4/N6kIDhqRBZi8Srw
Nasna,Mures,Romania	1/___O0WORBpq8p10
Nassereith,Nassereith,Austria	2/W_Kj3yOYA5pJieQ69g
Nativitas,TL,Mexico	222/Dlc2vqucBJT.MZwN2g jAjo3BGcBJXnyKj61Q 13e1dEScBJQGIaLl7A QBI39imcBJT9D_zyig DuCDu7KcBJUxVucywA
Navalmoral,Extremadura,Spain	41/gmytOtueB5RpS2A
Navarcles,Catalonia,Spain	72/zhqns02eB5ST4Xc
Nawabganj,Dhaka,Bangladesh	1/Si1zG7SYCJ36ZUET
Neder-Hardinxveld,South+Holland,Netherlands	1/A2Yth8eeAp0b6xE
Neff,Virginia,United+States	1/iorEpPibBZn1nxkT
Nether+Handwick,Scotland,United+Kingdom	2/LXx7eTKbAZzk3nLSWw
Netherton,Scotland,United+Kingdom	2/pis9S0ubAZy2LqUxMQ
Neuenbürg,Baden-Wurttemberg,Germany	17/NEjU.LSfBpSrvHU
Neura-o-grande,Goa,India	1/vlnfOoCbA5Ra9lr0
Newark+International+Airport,Newark+International+Airport,United+States	84/7HdIsbaYA5mo.KWQGA
Newark,NJ,United+States	1745/KVb_JYWcBJQI2KB3yg Yc84lQqcBJSBW_xb5A j9uzFYGcBJQKpGnpOQ c5fnNyqbBZq.tFgz m9XXGP6cBJQjFeaMCw T4Q48lucBJT.BFsnyw xRBseUicBJSgtCETBQ YMTg23icBJTcfnDl3A jnEEhiacBJRBzG5njQ KsFcwGmcBJQ9gYaKng mgTKpvOcBJRdxtqOpQ pHRFI46cBJSHAW_BCw
Newcastle,California,United+States	1/KzHe8EObBZmatvy_
Newcastle,Washington,United+States	72/7XAmtbWbBZn8xxil
Newent,England,United+Kingdom	129/E1rN24qaAZxAPA
Newport,Tennessee,United+States	1/_dOcaDqbBZk8TLX1
Newport-on-Tay,Scotland,United+Kingdom	1/f.BShf6aAZ2chw
Newtonville,Massachusetts,United+States	3/8.T0CqKbBZlfwnBm
Niederkassel,North+Rhine-Westphalia,Germany	8/MnZTHEKfBpW3KtM
Nieuwerkerk,South+Holland,Netherlands	38/GBL2GhKeAp6Z1bU
Nio,Notio+Aigaio,Greece	35/fFcTj9yQBJQZyfE
Nismes,Languedoc-Roussillon,France	81/mOfSW9ufAJiTfvU
Nohl,Canton+of+Zurich,Switzerland	78/QrZf8dSeCZ899mM
Noirey,Rhone-Alpes,France	1/8K0orBufAZ8h4Lg
Noordwijkerhout,South+Holland,Netherlands	20/kAEQjUyeAp4R5mA
North+Hampton,NH,United+States	1/lfP84BubBZhr2QBg
Nucet,Bihor,Romania	1/3WrjmD2RBpqlfeE
Numansdorp,South+Holland,Netherlands	5/QOlw1IieAp7s5UI
Nyíradony,Hajdú-Bihar,Hungary	1/jVM.8QCRAJ4KKZM
Nólsoy,Tórshavn,Faroe+Islands	19/K3KJ3UWdBp5RWN8
O+Fondal,Galicia,Spain	5/1gXpH7KbCJ.or9_gXQ
Oakbrook,South+Carolina,United+States	7/CunDU_ObBZqun9Do
Obando,Central+Luzon,Philippines	1/epYh71eYAJQEl.9v
Ochagavía,Navarre,Spain	7/ov1JodieB5TGddU
Oetwil,Canton+of+Zurich,Switzerland	4/ya6gBBqeCZ_ZrfA
Oka-Kanesatake,Quebec,Canada	1/ow2QhfebCZuaBOkK2A
Olbia,Olbia,Italy	3/_Cc0YwubAZwQjoLmYQ
Oldcotes,England,United+Kingdom	1/BdaXl52aAJzYWw
Oldenburg,Lower+Saxony,Germany	8/9YjqxZSfCZ8Klew
Olesa+de+Montserrat,Catalonia,Spain	77/dzt4RAieB5R_dhY
Olmedilla+de+Alarcón,Olmedilla+de+Alarcón,Spain	5/ja.N42qYA5qJsImkmg
Ono-shi,Hyogo+Prefecture,Japan	1/gzSA3PeQAZxeh0YpDw
Oosterzee,Friesland,Netherlands	1/5nBAtXqeAp7eGKk
Oradour-sur-Glane,Limousin,France	48/itc22EGfAJnhxsI
Oranjestad,,Aruba	453/ZnwzYZWcB5xZ.Q FbtXqT2cB5yzKQ
Oranjestad,Oranjestad,Aruba	25/pWdNw8CcB5zqqw
Orlando+International+Airport,Orlando+International+Airport,United+States	14/Lxj4.xyYA5mkdieRlw
Orleans,Centre,France	248/t_6SoBGbAZ2WP8.0Zg FmkJbJOfAJll85w
Ornaisons,Ornaisons,France	1/sjoe0byYA5paDOMIFQ
Ortoaia,Suceava,Romania	1/BgnhGXiRBpolLB8
Osorno,Osorno,Chile	3/Qxck7bibB5tP3c17ag
Otford,England,United+Kingdom	20/afJXSkqaAJ3AvQ
Otopeni+Airport,Otopeni+Airport,Romania	18/bJM8EiuYA5m95FKgPA
Ouddorp,South+Holland,Netherlands	93/.ttde6ieAp7BIbs
Ovid,Idaho,United+States	19/M1uvkembBZqGmXpf
Ovid,Ohio,United+States	1/VvQv8h.bBZr1naIw
Oxford,England,United+Kingdom	1780/H05tT5SaAJ6Edw XLSLZMGbBZ8z.A fb1u3VmYBpxJxw 3Owgoc6bA5QyNA ZB9hybmaB5rOFg DFCjY7OdBZx66Q psrAyRiaAZVZ9w 3uQ149ebA5orWOPl8w uSedNAiYAp.G0A
Paddock+Wood,England,United+Kingdom	141/HOEHz7CaAJ.tdA
Paderno+d'Adda,Lombardy,Italy	98/mePRVJKeAJUdAXI
Pai,Mae+Hong+Son,Thailand	20/tRDakG.YA54Zk2bZ
Palafolls,Catalonia,Spain	1/uyHawuKeB5VFiyo
Palaiochora,Kriti,Greece	147/z_2At.iQB5ph2Aw
Palazzolo+Acreide,Sicily,Italy	22/X5MQjM.eAJUaNT8
Palea+Phokea,Palea+Phokea,Greece	13/jOxyG4CbBZk_Dv1y5w
Palenque,Chiapas,Mexico	12/jcaU_tOYAplIAQk
Palinuro,Campania,Italy	5/JSbXAKSeAJXa4QY
Palotal,Cordoba,Colombia	17/hDUfjlCaB5SUSrE
Pamparato,Piedmont,Italy	5/nxi_vk2eAJVL3q4
Paoay,Ilocos+Region,Philippines	14/1uAvseSYAJUzh13d
Paralimni,Cyprus+Greek+Cypriot+Rep,Cyprus	3/1CjKHl2RBZ3Kk1I
Paraviñabal,Galicia,Spain	1/hYx.xm.bCJ_QUz7RZA
Parma,Michigan,United+States	1/s20MsmibBZpkQYpr
Paso+Robles,California,United+States	16/kcSlOZGbBZoC7TLE
Pastores,Sacatepequez,Guatemala	13/pewTl0ORBZUI1g
Paterna,Paterna,Spain	36/xYQICXmYA5pubssb_w
Payoi,Nisia+Ionioy,Greece	1/ce2tR8.QBJV.D4U
Peania,Peania,Greece	1/MtuTh7ebBZng5mr5eA
Pearl+City,Hawaii,United+States	7/GS1AMkybBZoP9xKr
Peekskill,NY,United+States	5/EXJiYkOcBJU33kFjtQ rBEDzJScBJUA2Ly.cw O.6mqGKcBJWsxvkaDg
Pelekas,Nisia+Ionioy,Greece	6/B6U.pNaQBJW39zo
Pensacola,FL,United+States	16/v6NDWOKcBJUfBV1MIA
Pentre+Castell,Wales,United+Kingdom	30/IzhM8I6aAJR1Vw
Peoria+Heights,Illinois,United+States	4/FmgEj9CbBZtKUQ6l
Peralada,Catalonia,Spain	38/RgnJGpmeB5WuM70
Perisher+Valley,New+South+Wales,Australia	6/.WTTlUiYAJye2_6a
Pessano+con+Bornago,Pessano+con+Bornago,Italy	4/meekHIWbAZzzEzEUJg
Pewsey,England,United+Kingdom	5/2.qEF.6aAJV6WQ
Phangnga,Phangnga,Thailand	1/KCcxREaYA55SgtHG
Pianella,Pianella,Italy	2/cZnh4bybAZ25K9a01w
Piccolino,Trentino-Alto+Adige,Italy	24/kjuEi8ObAZ3l4K_cRg
Piedades,Piedades,Costa+Rica	9/RhOoOlabB5Qv64.gJg
Pinell+de+Bray,Catalonia,Spain	8/VSItGF6eBpxob4Q
Plant+City,FL,United+States	3/q55gYt.cBJXhyR_s4g 2IPgxUCcBJXentoGvg
Plettenbergbaai,Western+Cape,South+Africa	63/kFMRCzaYBJTo3zIC
Plougasnou,Plougasnou,France	2/UZ_UHNGYA5rr7CwZUw
Pocklington,England,United+Kingdom	550/T6xNSaaaA53kKQ
Poggio+Dei+Pini,Sardinia,Italy	1/tIozO.ObAZ1wgmy0Zg
Pole+Ojea,Cabo+Rojo,Puerto+Rico	1/UteoZfmYB51D9BY
Polis,Cyprus+Greek+Cypriot+Rep,Cyprus	3/kjT7DiSRBZ3YTto
Pollone,Pollone,Italy	2/8Sm11KiYA5oQ5R.LFA
Poncha+Springs,Colorado,United+States	1/wNPIrN2bBZtu3coc
Ponza,Ponza,Italy	34/WrGLWc.bAZyJ3di7Hg
Porongurup,Western+Australia,Australia	24/VI1IqECYAZV1NRFl
Poronin,Lesser+Poland,Poland	21/iocDNRScAJ8ULDY
Port+Boca+Grande,Florida,United+States	4/SZXqfWubBZt_gbZL
Port+Gibson,New+York,United+States	1/9mVTm8KbBZv.R7Lc
Port+Seton,Scotland,United+Kingdom	5/Zd_x07.bCZQnG4DQuw
Porto+Gouveia,Ribeira+Grande,Cape+Verde	2/ZLj5eUSYAp0AjRB9
Porto+Recanati,Marche,Italy	8/MkXnb3KeA509yDM
Portsmouth,Virginia,United+States	3/VxN1zjGbBZvpj7Y.
Pouch+Cove,Newfoundland+and+Labrador,Canada	21/RKpjurWaCJRD
Pradella,Lombardy,Italy	9/y5hX7IKbAZ1oKJNtYw hWggwqWbAZ3OL4aKPQ
Prague+Ruzyne+Airport,Prague+Ruzyne+Airport,Czech+Republic	9/sNSwGzaYA5m6xWj71w
Praia+da+Vieira,Leiria,Portugal	1/zBiOkwyeBZoE9WI
Predaia,Trentino-Alto+Adige,Italy	16/QUpz2TSbCJ95zZ.P3A
Premer,New+South+Wales,Australia	16/SGvBsS6YAJwHbsBk
Presov,Presov,Slovakia	2/w6y9LBWbCJh8jCp1Jw
Preston+Hills,Virginia,United+States	1/cXEBTNubBZtabhZH
Prianes,Asturias,Spain	5/QCf_S7yeBpwB.L8
Priddis,Alberta,Canada	8/qp7d5RuRBpRh
Prince+George+Airport,Prince+George+Airport,Canada	11/RR7lP3.YA5kGN9uvAg
Prince,Ontario,Canada	32/ntsZsRubCJ8vBl.jcA
Procida,Campania,Italy	64/12SIU2CeA52gaVQ
Provo,Utah,United+States	3/pX4RTPibBZsIQL.l
Pubail,Dhaka,Bangladesh	3/7ImjNvCYCJxeCQgn
Pudupattinam,Tamil+Nadu,India	10/KjeKSk.bCJyoFGtSFg
Puerto+Lápice,Castille+la+Mancha,Spain	3/Hx.AR6ieBpzfXRE
Punta+Mujeres,Canary+Islands,Spain	139/DPDBVR.bCJ9oAM2kwg
Purakkad,Kerala,India	1/peLVrqybCJ1D9r4brg
Purwodadi,Central+Java,Indonesia	7/ZuSmkQiYAZgU0yJE
Puunsi,Harju+County,Estonia	2/MWoc9lyRBZineEA
Puycelci,Midi-Pyrenees,France	1/lL_.0i.fAJTWTeQ
Puértolas,Puértolas,Spain	1/LGR8XvSYA5p5bz.NFQ
Pye,Bago,Myanmar	15/5QukUj6YAZwmCK7a
Quié,Quié,France	1/nv4.aSiYA5rIREWa7A
Radium+Hot+Springs,British+Columbia,Canada	3/hbtN.j6QB5Wl
Ramm,Al+`Aqabah,Jordan	76/vAm2xpGYCJoT3Kvs
Rampton,England,United+Kingdom	2/dgypWNiaA5S9rg
Red+Hill,Virginia,United+States	16/bfJI2bqbCZuZPBmH4Q
Refugio+de+Linza,Aragon,Spain	1/ySUohCGbAZ7n6NXtzQ
Rejano,Andalusia,Spain	1/IaNCF3GeBp0yawk
Renanué,Aragon,Spain	1/9zdsnqabAZ5NhfVryA
Reus+Airport,Reus+Airport,Spain	1/0jp7tvKYA5nR36zZmA
Rewa,Pomeranian,Poland	9/Cj8PVLWcAJmUiI0
Richmond+RAAF,New+South+Wales,Australia	1/DAqFV5CbCZlkioIpJA
Richwynn+Hill,Maryland,United+States	6/EKLT0kWbBZT99XGX
Ridgley,Tasmania,Australia	10/nSQyyO6YAZXBM8nI
Ridgway,Colorado,United+States	13/3lrhueSbBZSBpu2C
Riechheim,Thuringia,Germany	1/zre3fGafCZQjtEs
Rielasingen,Baden-Wurttemberg,Germany	106/A4eCf4ybCJ_GBuEdBQ
Rieseby,Schleswig-Holstein,Germany	1/1NsdVgOfCZTYDtw
Riga,New+York,United+States	4/0dmHEnWbBZRCTS.V
Rignano+sull'Arno,Rignano+sull'Arno,Italy	2/UyotCS6bAZ0e64PLuw
Rilski+Manastir,Kyustendil,Bulgaria	10/o1Zw._WRApWwnWk
Rimiti,Sicily,Italy	1/6peWmiSbCJ.ft_8Htw
Ringgold,Maryland,United+States	2/AH_CtsObBZT2SOHM
Rohinda,Uttar+Pradesh,India	2/rccnw4mbCJwiWfYDHg
Rokotów,Masovian,Poland	183/5lmFIkScAJnotoA
Roma,Veneto,Italy	4/PpH9NCCbAZ45K7ksbw
Rooiels,Western+Cape,South+Africa	1/iGeiyRSYBJSRInY8
Rorschach,Canton+of+St.+Gallen,Switzerland	78/DmC6M4ieCZ95ybs
Rosenannon,England,United+Kingdom	1/7ZU.7C.aApnDlQ
Roseville,Minnesota,United+States	95/M.nAovKbBZTutJfz
Rosia,,Gibraltar	179/gn5Ym9SdBp6B71Q
Rosser,Manitoba,Canada	1/58HBi.2bCJsZ
Round+Rock,TX,United+States	114/cB2j8w.cBJWrDouArQ FkOdLrecBJUR1AAdZQ vCXsLUWcBJU_MikHVw QKQpZ4OcBJUN7GzEmw
Rovigo,Veneto,Italy	198/6R4QW7GeA57S198
Royalton,Vermont,United+States	2/mJEB_JSbBZRnPyny
Royce,New+Mexico,United+States	5/RB4eUr2bBZTn_QN9
Rudkøbing,Syddanmark,Denmark	1/CKQlLCecBJriuaM
Rîmnicu+Vîlcea,Valcea,Romania	1/6s9illyRBpXXxW4
S+antonio+di+Santadi,Sardinia,Italy	1/yN0VR7CeA58l0cU
S.+Martin+de+las+Piramides,ME,Mexico	206/.__Y3z2cBJTU0HCHcQ KfqF4IWcBJQrrAaVFg 0SsgePCcBJQsfuqW6A QGmLmQWcBJWKbP5bdQ b9nBHVGcBJRNeUxL8w
Sabana,Luquillo,Puerto+Rico	3/GcQbUcCYB53DdTQ
Sage,Wyoming,United+States	2/ocrpDU6bBZRaQb96
Sagliano+Micca,Piedmont,Italy	1/vqN2jb6eA5o_.AE
Saillon,Saillon,Switzerland	1/GGJyi5abAZxYy9xr3Q
Salamanca,Castille+and+Leon,Spain	1233/NMd2lxieBp7qAz4
Salem,Virginia,United+States	26/uAoi2MubBZRGr8.b
Salmon+Creek,California,United+States	2/yT4AeaubBZSGN0gP
Saltrio,Saltrio,Italy	1/H6Ep2mebAZy5DhOpHw
San+Costanzo,San+Costanzo,Italy	4/JIxD7XKYA5pBKhEulQ
San+Cristóbal+de+Valdueza,Castille+and+Leon,Spain	6/988lcbueBp5C3zc
San+Felices,La+Rioja,Spain	2/SeiF9YebAZ62CCaj6A
San+Felipe,Galicia,Spain	37/wAmrpG.bAZ5I5wcU6A
San+Giacomo,Abruzzi,Italy	3/lx6FFDGbAZ23OZ2UCg
San+Giuseppe,Lombardy,Italy	4/L4Y8IgSbAZ35OE4ekw
San+Gregorio,Campania,Italy	34/MknapO6eA56bCMY
San+Juan+Bautista,California,United+States	298/Ku7Wsg2bBZSRZGd8
San+Juan,SJ,Argentina	2/d0NbAD2aAp7Uyv0
San+Lazzaro+di+Savena,Emilia+Romagna,Italy	1/cZy6RNGeA56eb_w
San+Pedro,Madrid,Spain	3/NkWHXAueBpXqgTw
San+Pietro,Puglia,Italy	8/qgeO0wmbCJ8em.lT5w
San+Salvador+de+Jujuy,Jujuy,Argentina	3/ZEskIKOaAp72vn8
San+Venanzo+I,Abruzzi,Italy	2/9McKAM2bAZ0Aqn3sPw
Sandusky,Ohio,United+States	809/ePyHxOebBZTIpfQX
Sandwich,Massachusetts,United+States	28/J42IE7ebBZQLeoN2
Sandymount,Otago,New+Zealand	5/MbXUeUGbCZrJFRBKIA
Saneja,Catalonia,Spain	2/ahqGHWibAZ6PlkFTWg
Sant'Arcangelo,Basilicata,Italy	6/r8jA2QaeA58zkMs
Sant+Adrià+de+Besòs,Catalonia,Spain	14/XKD9ZdaeBp7Quw4
Sant+Martí+d'Albars,Catalonia,Spain	6/srUKCAqeBp8eYrs
Santa+Clara,Santa+Clara,Ecuador	1/AE2v2QSbB5T_50ldxQ
Santa+Lucía,Pinar+del+Rio,Cuba	3/WHsLmEufBpRrnw
Santo+Domingo+de+la+Calzada,La+Rioja,Spain	7/sSnuMVyeBpi6Gjg
Sarroch,Sardinia,Italy	176/BgxyzyieA5_ITT8
Sarıyer,Istanbul,Turkey	289/Qrs4BlycBJTvByf59g LOP0OIGcBJTEySgDfg ycrOS_acBJTF7JHvag rYOmcg.cBJRNT1GTEg 0q1rPPmbApjZ5_u8 PIrOxFScBJT.X69LxA jBO4f5GcBJRmO6zTNg ibVhxMScBJT0nmZffg
Saumur,Saumur,France	2/fI96ExmYA5qQUJWtwQ AMjmsD.bAZ6vwhZ2qg
Savignano+A+Mare,Emilia+Romagna,Italy	4/7Ozc7JGbCJ_7hY6P9g
Scotforth,England,United+Kingdom	6/67THPbOaBZ5vGw
Seahouses,England,United+Kingdom	70/yv8amSWaBZ459Q
Seatonville,Kentucky,United+States	18/iIlr.TybBZXGjHYT
Seddington,England,United+Kingdom	10/5EG_AG6aBZ9fyQ
Segur+de+Calafell,Catalonia,Spain	4/CFKFXISeBpUAmX8
Sellersville,Pennsylvania,United+States	4/_HkjAkybBZV07Ibq
Selva+dei+Molini,Selva+dei+Molini,Italy	8/40zdy9iYA5rjLRMuYw JaSeg.abAZ3mZNYpNQ
Sepúlveda,Castille+and+Leon,Spain	18/58Wr7xueBpghP.c
Ser,Galicia,Spain	1/bhkIuMSeBphspUw
Serracapriola,Puglia,Italy	26/EWEpfxieA5hBKkc
Serrat,Catalonia,Spain	12/KkM6fs6eBJVPYBo
Servoz,Rhone-Alpes,France	1/DZq8irGfA56OW7U
Sha+Tin,New+Territories,Hong+Kong	188/IJY2bVKbAJrUKZoc
Shalgo+Tar'yan,Salgótarján,Hungary	24/Er83nvaRAJvdK7Q
Shar+Project,Andhra+Pradesh,India	2/qEUpqiabCJ3RZ9aKzg
Shelburne,New+Hampshire,United+States	9/pceoIdmbBZVRwLmm
Sheldrake,Quebec,Canada	3/MmsjjYubBp0A
Shenton,England,United+Kingdom	19/FiSPgoKaBZlxBQ
Shiroishi-shi,Miyagi+Prefecture,Japan	8/COXHMuKbCZl0vsyIDQ
Si+Khoraphum,Surin,Thailand	4/5IO2T5KYA571FWpV
Siamanna,Siamanna,Italy	3/MWqiVU6YA5ooFciPRg
Sidi+Abi+Said,Aryanah,Tunisia	23/R8BqPVeYBZgnsy8M
Simrali,Madhya+Pradesh,India	2/lpPceFibCJzTum3V7w
Sisanion,Dytiki+Makedonia,Greece	1/jOds.OuQB57zD_U
Sjøtun,Troms+Fylke,Norway	83/8ubnDSiRB5.y9J8
Skukuza,Mpumalanga,South+Africa	16/CU9YxgCYBJROMCDx
Slough,England,United+Kingdom	165/taGNpX6bCZQfjw xPOpvDeYBJkdlw 6c_VfAOaBJxumQ naRVbUWYBJyApQ 6TQyHXOYB50faw EZNTjjKaBJx.bg bdNHAVmbBJtccQ
Snetterton,England,United+Kingdom	23/MTbrxaKaBJwCsw
Snobs+Creek,Victoria,Australia	2/WUqShMGYAJzNNkho
Sobolevo,Moskovskaya+Oblast,Russia	102/BdO4bsGbAZSewN8j
Solarolo,Solarolo,Italy	72/Aruk71KYA5qZwDZXXg
Solitaire,Khomas,Namibia	8/RhG9Dv2YBZqjeMJq
Sollacaro,Sollacaro,France	3/NZDlnDSYA5qfoTlaSA
Somerset,Georgia,United+States	1/qQJoGfibBZW6QDAY
Sonora+Junction,California,United+States	8/m1bFTqGbBZVYZ_A2
Sopra+Monte,Campania,Italy	26/kSxkmtybAZ13zQApfg
Sorkun,Antalya,Turkey	49/K6wnoKObAp_mG4UQ
Sotogrande,Andalusia,Spain	20/mXp6AyCeBpWdXg0
Sotresgudo,Sotresgudo,Spain	2/b0eirUWYA5qPy5RoDQ
Soumoulou,Aquitaine,France	5/g26G3a2fA55NMFI
South+Bucks+District,South+Bucks+District,United+Kingdom	27/RXw2UAWYA5o1v2WFVA
South+Hackensack,New+Jersey,United+States	29/zKL3rKqbBZWH5.2Q
South+Molton,England,United+Kingdom	248/voduYWyaBJ5tLQ
South+Queensferry,Scotland,United+Kingdom	249/hRFvvoOcBJUKz5cZCA
South+Shropshire+District,South+Shropshire+District,United+Kingdom	36/RNrqaF.bAZymWKqJjA BX9MkcSbAZxpNc2jVA HJPANdqYA5qhkZuwhg
Southend-on-Sea+Borough,Southend-on-Sea+Borough,United+Kingdom	7/sKgbnRWYA5qrND1fBg
Sozopolis,Kentriki+Makedonia,Greece	43/nxzf0lGQB55brVE
Springstrup,Sjaelland,Denmark	3/TQPjVGibAZwQhnipPQ
St+Andrews+No+287,Saskatchewan,Canada	3/Fv3d7PibCJ8p.djymw
St-Georges,Rhone-Alpes,France	1/ryTBd.ufA5gAqRw
St.+John,Tennessee,United+States	279/iqaH_aybBZTX53pI
St.+Sampson,Channel+Islands,United+Kingdom	1/XBgHNdmcApS9HVE
St.+Thomas,Ontario,Canada	12/b.OacZadAZt9
St.-Aubin-de-Nabirat,St.-Aubin-de-Nabirat,France	7/1iFjEtWYA5rsztvr4w
St.-Brieuc,St.-Brieuc,France	1/iZqB3uqYA5pTts.8Rw
St.-Hernot,Brittany,France	2/Nkj9Wn.fA5id0Zk
St.-Jean-d'Ormont,Lorraine,France	8/LLtVnn2fA5hUMNk
St.-Katelijne-Waver,St.-Katelijne-Waver,Belgium	1/5KQv_guYA5o43bZCag
St.-Lambert,QC,Canada	724/beSUP7mcBJQkGyCipA aPqzp5OcB5wZwaLVzg I2rVT1acBJR6z4b_uQ XOmzbkOcBJSBIVjJ0Q RHwzV7WcB5z7jftGKg EzlKqtCcBJQxa808Lg
St.-Léger-de-Peyre,St.-Léger-de-Peyre,France	2/h4876I6YA5qwFzVMUA
St.-Nectaire,Auvergne,France	5/miuUT_qfA5oY7UE
St.-Thégonnec,Brittany,France	1/6uGn_xKfA5sTYnM
Stadtteil+Brühlervorstadt,Stadtteil+Brühlervorstadt,Germany	3/cuqr6wWbAZ3E8urf2A
Stadtteil+Innenstadt,Stadtteil+Innenstadt,Germany	776/5.I3S1SbAZ3wfTuH8Q bHxK__KbAZ0wFXm.tQ 4PxMLzObAZ0cDvqXzA
Stadtteil+Südost,Stadtteil+Südost,Germany	1/ooB7nhCbApgtJr7e1A
Stadtteil+Warnemünde,Stadtteil+Warnemünde,Germany	8/li4i65GeAZj18S0
Stamford,New+York,United+States	32/11cR7MubBZXEa3qb
State+Center,Iowa,United+States	1/EEiwg96bBZXDt3s6
State+College,Pennsylvania,United+States	103/KPWsDSqbBZXljqjc
Steinen,Baden-Wurttemberg,Germany	115/QwV1WyWfCJot.W8
Stewart+Landing,New+York,United+States	12/2VXxV5abBZVB16TB
Stillwater,Washington,United+States	44/LI9y8eGbBZWFVPkR
Stockroye,Limburg,Belgium	154/od3qSRmQBpu8zfo
Stony+Brook,New+York,United+States	5/FMmGN4ubBJyf4Yml
Stordal,More+og+Romsdal,Norway	4/aI7w9fGRB5j33B0
Stratton+Mountain,Vermont,United+States	1/440Tx2.bApnQWGuRww
Stroud+District,Stroud+District,United+Kingdom	11/lVmNx0WYA5oSanriWg
Stylida,Sterea+Ellada,Greece	2/O1crW5eQB5pohlA
Suances,Suances,Spain	1/XLc4akOYA5rAghr4LQ
Sudbury,Ontario,Canada	5/.AZRveqaAJVC
Sun+City,North-west,South+Africa	6/k4ev4w6YBJRicupz
Sunset+Beach,North+Carolina,United+States	3/ZcMEzAibBJxq3e1n
Surt,Surt,Libya	3/LoxRNK.YApk1BCUm
Sutton-on-the-Forest,England,United+Kingdom	9/dVMq8uSaB5qXqQ
Sztutowo,Pomeranian,Poland	31/VewQIoecA51k9GI
São+José+do+Mantimento,Minas+Gerais,Brazil	1/MeYnKwKdBJweOWA
Sämsholm,Vastra+Gotaland,Sweden	1/kcrSEcScBJRa5pR_Qw
Sättra+norra,Stockholm,Sweden	1/W1ixzvGbAZ3gtm5Ueg
Sånkhu,Central,Nepal	1/bjTFokKbA5rSbU_b
Tanacross,Alaska,United+States	3/bub2KvObBJwxx5af
Tarskavaig,Scotland,United+Kingdom	8/oifPyZqaBpxqfA
Tatul,Kurdzhali,Bulgaria	9/6ik6UESRBZynoLw
Taylor,Pennsylvania,United+States	8/uE558.KbBJxbYTLX
Teixeira+Soares,Parana,Brazil	8/bPv_i2udBJR3ZO4
Telfes+im+Stubai,Telfes+im+Stubai,Austria	1/orbSaFuYA5rJK9XdNQ
Telêmaco+Borba,Parana,Brazil	77/ZoqOY8mdBJqu68c
Tepic,Nayarit,Mexico	28/LpPPdmeYBZSdwK4
The+Black+Cat,North+Carolina,United+States	1/dwQ3QqWbBJwgYAqB
The+Colony,Texas,United+States	2/rrRchtWbBJz1l_4j
The+Dalles,Oregon,United+States	121/CM5cgSWbBJyZyUA2
The+Sea+Ranch,California,United+States	1/THyb47.bBZWXSODR
Thira,Notio+Aigaio,Greece	363/cUl7KxWQB5.M1Uc
Thiruvankulam,KER,India	12/WHeicTycBJXcvC7H4A
Thornton+Heath,England,United+Kingdom	24/WnhwcCmaBp9lbQ
Thorverton,England,United+Kingdom	18/k1FTltqaBpiQeA
Tismana,Gorj,Romania	5/26H669GRCZ0su9o
Tollegno,Tollegno,Italy	1/JilbSrmYA5riuumyog
Toms+Brook,Virginia,United+States	1/fJAhevKbBJzij7Ce
Tor+San+Lorenzo,Lazio,Italy	4/haqktYSbAZ3.iUGE3w
Torcello,Veneto,Italy	20/FAxHHNKeA5geJcM
Tornavento,Lombardy,Italy	5/61hLsyOeA5k38Bg
Torrance,California,United+States	51/EJFsO9GbBJyn7W5Z
Torre+San+Leonardo,Puglia,Italy	10/iOIe2z6bCJ9tMr5mtg
Torsminde,Midtjylland,Denmark	17/1znCVT6cBJQJCZE
Tortona,Piedmont,Italy	43/CU5_xh6eA5lVGFQ
Tramacastilla+de+Tena,Aragon,Spain	15/mBbR242eBplnKCc
Tramariglio,Sardinia,Italy	115/YsugNDaeA5m_SY8
Treffiagat,Treffiagat,France	13/Rx6pCBmYA5qFXXTvJQ
Trenance,England,United+Kingdom	49/aDGMtyWaCZ01IQ
Treport,Treport,France	10/dVcYxV6YA5oEk2rKYg
Trim,Meath,Ireland	51/YYTX_NucB57DsVU
Tucker+Station,Kentucky,United+States	2/eNJ8rcubCZv9t9KIkQ
Tulsk,Roscommon,Ireland	12/om94p.qcB573oWs
Tuntang,Central+Java,Indonesia	441/BTF2oweYAZgpnG4j
Turlough,Mayo,Ireland	32/lp1xgf.cB57yE_U
Tvååker,Halland,Sweden	5/yB.ZBwWQAZQgKyw
Two+Harbors,Minnesota,United+States	85/RoRIQPabBJw.rG29
Tárnok,Pest,Hungary	7/.NZItzmRAJqBLS4
Ubc,British+Columbia,Canada	110/MyxhpN2bCJ9mgwm3Gg
Ubiarco,Cantabria,Spain	35/.sYNXkyeBpoe3XA
Uffcott,England,United+Kingdom	37/iPStHFeaCZmqLw
Ulan-Ude,Buryatiya,Russia	14/7reyXr.bAJ7bGxqe
Underbarrow,England,United+Kingdom	9/Z5cii42aCZkv_w
Upper+Coopers+Creek,New+South+Wales,Australia	11/peg_23ObCZkcglpAMg
Upper+Llandwrog,Wales,United+Kingdom	2/g.uckrCaCZqy5Q
Upper+Pocosin,Virginia,United+States	3/jF1eHZqbBJ2IssEQ
Urbanització+Bingrau,Catalonia,Spain	6/pWxePSWbAZ7V7Om8mQ
Urbanizacion+Alta+Mar,Andalusia,Spain	2/Cc2abi.bApgJdaLapA
Urbanización+Condefuentes,Aragon,Spain	17/94Y27bObCJ9Jmcfkqg
Urbanización+Platja+de+Migjorn,Balearic+Islands,Spain	15/YaeX1KKbAZ4PxnPtug
Urbanización+Villa+Costa,Valencia,Spain	2/ZdLjZrWcBJWI0qOLPw
Utica,Illinois,United+States	97/VMGDp6WbBJ0fTaD5
Vaihingen+an+der+Enz,Baden-Wurttemberg,Germany	56/ZONzm6GeAZ5ANbA
Vail,CO,United+States	173/.rcP4cObApX3Wbae Z.PzmgubApWDHJlW a_DqbJqbBZkweYxL
Valbrembo,Valbrembo,Italy	61/0e5llYCbAZwVtbf4MQ
Valduggia,Valduggia,Italy	54/dyRKrDuYA5oHORF8Yw GTVvPU2bAZ1iUSjrRg
Vale+Rebelho,Faro,Portugal	1/vEBuCSybCJ_4KkKjkQ
Valentine,Valentine,France	1/99tPBzCYA5qTyD1fVw
Valestrand,Hordaland+Fylke,Norway	1/_FFp5hORB5nre_Q
Valletta,Lombardy,Italy	3/4s8nPxmbCJ_GZY.85g
Vallon-Pont-d'Arc,Vallon-Pont-d'Arc,France	22/5c6onViYA5pCwkoyhw
Vancouver,BC,Canada	19575/b2gqoQWbAphSnzMC5w yD7ZAFObApjjOJEa0A Ylrh4iScBJTQ4aWmtw 8ROLFL6bB5_p2Lt7oQ kDT7aZmbApiXa9sf5A cTSapgScBJXnSy97tg iY6CQaubApgVBZfmnQ TRFomTObB5__7K6j8g txvnZ8qbApi3RokTRw 594g05GbAphu079B3w 7Of8N9ycBJSH3GrH4A n04AGUmcBJTcFVMXdw VeWgqGebAph7xzUG9Q ExzktfObB59GMKXLoQ yiB29pKbB58V.rwIOg MN9AbbabAph29Vm0rg a6vE5.KbAphu4XlW8w Y7ZC6ZibAphILMNvnA t6HKJfmcBJRukpk4ig mNc98vmbAphg3C_vMg AZ7ntLWbApjEdZ52Xw vIJRXEybApjDByJjRw lQLHU32bApjdqL0cfw 4wX77ombApgsxI0I5Q yT_YKWabB5.aoOBTng HIqLRhibApgEOoiBxw Ygj5QEKbB59Jj7Bu6A XNotg0ObB59s6QQVBQ dPtecUybApgqVRHChA E6kX_jCbApjMrSO9hQ iXKI7dCcBJSi3bX2hA 5c_ko7ebApgS0Jb0wg
Varanasi,Uttar+Pradesh,India	1036/49nrWPGbA5UkZ6fe
Vaylats,Midi-Pyrenees,France	1/DBOAW3yfApw3Gpo
Vebenstad,More+og+Romsdal,Norway	7/vvpi1sCRB5lBhOY
Velasco,Hidalgo,Mexico	1/VMXacreYBJyethw
Velika+Mlaka,Zagrebačka,Croatia	1216/_tme_yyRBJy5AiI
Venice,Florida,United+States	13/EH4mlCObBJ0merYm
Ventenac-en-Minervois,Ventenac-en-Minervois,France	2/3kUf0tmYA5r8Bs.hhA
Vera,Aragon,Spain	14/WnmlbHSeBpsYiBI
Vernon,Vernon,France	5/jKvHiSCbAZxc27LToA
Victoria,Gozo,Malta	901/UOngtZKdCZ.nRdQ 0e2x.7SdCZ_pUZA LLTf.XqdCZ9Rgu8 69hhZhOdCZ.VgCY
Vilassar+de+Mar,Vilassar+de+Mar,Spain	32/Bv3z5uKYA5oQiR_oYQ
Villa+Alemana,Valparaiso+Region,Chile	4/BRm2WyCaBZXLLVU
Villa+Madero,Buenos+Aires,Argentina	14/JBucEhuaAp4vFkQ
Villa+Maria,Pennsylvania,United+States	3/i8s4HLqbBJ3UWojz
Villa+Rica,Georgia,United+States	18/JgK.8GabBJ1w0YJb
Villaeles+de+Valdavia,Castille+and+Leon,Spain	3/ndZLQbKeBpu21bI
Villagrande,Sardinia,Italy	3/AspzbOaeA5pjlwU
Villanova,Villanova,Spain	9/nm2JYPOYA5q82ag6Mg
Villanueva+de+Campeán,Castille+and+Leon,Spain	5/mPJfBwueBpSOz3U
Villanueva+de+Jiloca,Villanueva+de+Jiloca,Spain	1/3GnnKmuYA5rhSwms5g
Vineland,Ontario,Canada	64/phsARe.bAp89jZOEtw
Vinhas+da+Guarda,Setúbal,Portugal	3/_3NnSe6bCJ_JZiRKfg
Vintar,Ilocos+Region,Philippines	3/vBZbqhKYAJWfPd7K
Vitry-le-François,Champagne-Ardenne,France	25/8b9QqSafAp6oOpE
Vivario,Vivario,France	6/wGnvv.WYA5qL1XVI9w
Vorumloc,Sibiu,Romania	5/bdgrWR.RCZ.Abpo
Waikapu,Hawaii,United+States	95/xjkQC1qbBJ1xQt9.
Waiotapu,Waiotapu,New+Zealand	137/j.W0aRebApl_iA1R
Waipahu,Hawaii,United+States	1/ZlV_ZyabBJ3mguS8
Wanaka,Otago,New+Zealand	22/pOc6cjCbAplyf9Dx
Wanblee,South+Dakota,United+States	1/_M3hK2WbBJ2oRjJp
Wanganui,Manawatu+Wanganui,New+Zealand	11/LlhNhuqbCZrfVYjxgQ KmPe7LubAplSOKYE G0Kb9a.bCZoeTJEhJQ AR59YmKbCZo3u3QIhQ n8z_PeWbCZpiDNVi.w
Warkworth,Auckland,New+Zealand	5/6wX5MBObAplxbunQ
Warrenton,Oregon,United+States	2/XfazuUybBJ2lj1ip
Waskesiu+Lake,Saskatchewan,Canada	6/57YGttCYCZXO
Wateringhouse,Scotland,United+Kingdom	3/iFxvk1uaCJ5dkQ
Wavre,Walloon+Brabant,Belgium	19/3r2SEIiQBpRH4E8
Waxpool,Virginia,United+States	2/3gDcQzebBJ2OH_eQ
Wealden+District,Wealden+District,United+Kingdom	32/5xTa.e2YA5rk29NWoA
Wesepe,Overyssel,Netherlands	2/JetIEDCeAphS_g0
West+Haddam,Connecticut,United+States	272/q2KwTJebBJ1GsPwR
West+Point,Queensland,Australia	83/E_Db7q.bCZnFfpWzvg
West+des+Moines,Iowa,United+States	6/ysPn4gObBJ3618_.
Westchester,Illinois,United+States	4/ZeQrtGqbBJ1GK_QU
Westhellen,North+Rhine-Westphalia,Germany	2/mfqvNX6bAZ2EQiTvyg
Westwick,England,United+Kingdom	7/_wM2YuydAZz.OQ
Westzaan,North+Holland,Netherlands	8/.ZVRvhOeApgEYQs
Wethersfield,CT,United+States	9/GhIdPRibBZ2W8PfY
Wettingen,Canton+of+Aargau,Switzerland	1/tPb1DLCbCJ8V58AI.Q
Wettingen,Wettingen,Switzerland	286/Qaeoxm6YA5rmCA4ABw
Whitehall,New+York,United+States	4/Qh0zNfSbBJ2mVr99
Whitla,Alberta,Canada	3/l582JfyRCZxo
Whittier,CA,United+States	225/pibaUVmbBJ0MDy.P
Wieck+am+Darß,Mecklenburg-Vorpommern,Germany	6/2m2FGHGbAZ0x2XFKVw
Wilton,England,United+Kingdom	19/VYgCB9.bAZxXx_y5rw NKYtMu.dAZlqFw KR.mg3udAZmvXA
Wittelte,Drenthe,Netherlands	3/wZBDbxaeApiVgD0
Woerdense+Verlaat,South+Holland,Netherlands	29/kdJEE0eeApj3CN8
Wola+Mysłowska,Lublin,Poland	5/MiYW8C6cA5kXJ8Q
Wonosobo,Central+Java,Indonesia	2/ZNtwBc2YAZjoey4U
Woodford,California,United+States	5/n_R1rJ2bBJ4yB2oc
Woodhead,England,United+Kingdom	12/YMeoxyqdAZX1uA
Yangzhou,Jiangsu,China	5/n1E_gc2bAJ_wCxgj
Yermenos,Attiki,Greece	193/moS8m9uQB5ls7Bg
Youngstown,New+York,United+States	53/K11JU7abBJ5mesVj
Yunjidhes,Kentriki+Makedonia,Greece	91/y4JgePSQB5nePLk
Zaltbommel,Gelderland,Netherlands	1/9aklpGOeApjhLQQ
Zams,Tyrol,Austria	1/39u5FRqcBJ3wvZM
Zimmerman,Minnesota,United+States	2/lFqr6q.bApgjML3yxQ
Zwentendorf+an+der+Donau,Zwentendorf+an+der+Donau,Austria	29/hSotos6YA5qs3.JSWQ
Águas+Santas,Porto,Portugal	1/A31be06eAplN55E
Årdal,Sogn+og+Fjordane+Fylke,Norway	1/KDO6Ej2cBJS6M1el3g
Çaykara,Trabzon,Turkey	5/sskByoybAp3OkGld
Ølsemagle+Strand,Sjaelland,Denmark	39/.Y.8.MqbCJ8htNomJQ
Žerotín,Ústecký,Czech+Republic	7/C1oHp52RAZ6trbM
富南村,Taiwan,Taiwan	5/.dJE1YKbCZs0xY21XQ
水源村,Taiwan,Taiwan	194/o.C856ObCZs9DTjOPg
